,instance,total_cost,seed,normalization_constant,cost,solver
0,42,1358,47,1500,0.9053333333333333,R
1,85,6794,51,7500,0.9058666666666667,R
2,46,3484,42,3750,0.9290666666666667,R
3,83,7292,47,7500,0.9722666666666666,R
4,44,6594146,51,6900000,0.9556733333333334,R
5,87,7130,42,7500,0.9506666666666667,R
6,113,13092,47,15000,0.8728,R
7,117,14408,42,15000,0.9605333333333334,R
8,31,1506,51,1875,0.8032,R
9,79,558680,46,612500,0.912130612244898,R
10,115,11874,51,15000,0.7916,R
11,74,484150,44,552000,0.8770833333333333,R
12,37,261240,47,262500,0.9952,R
13,75,3526908,49,3570000,0.9879294117647058,R
14,33,183155,42,231875,0.7898867924528302,R
15,115,11874,48,15000,0.7916,R
16,119,14194,47,15000,0.9462666666666667,R
17,75,3532620,50,3570000,0.9895294117647059,R
18,114,2544190,45,3187500,0.7981772549019608,R
19,30,138799,45,146875,0.9450144680851064,R
20,39,704905,42,825000,0.854430303030303,R
21,73,2780,46,3000,0.9266666666666666,R
22,31,1506,48,1875,0.8032,R
23,77,2462,43,3000,0.8206666666666667,R
24,48,6175960,47,7043750,0.8768,R
25,45,6190548,45,6641250,0.9321359683794467,R
26,44,6478226,48,6900000,0.9388733333333333,R
27,89,5834,47,7500,0.7778666666666667,R
28,84,17189263,45,19061250,0.9017909633418585,R
29,85,6840,48,7500,0.912,R
30,74,486312,45,552000,0.881,R
31,115,11874,50,15000,0.7916,R
32,79,558680,47,612500,0.912130612244898,R
33,33,179445,43,231875,0.7738867924528302,R
34,75,3524052,48,3570000,0.9871294117647059,R
35,37,261240,46,262500,0.9952,R
36,117,14396,43,15000,0.9597333333333333,R
37,113,13134,46,15000,0.8756,R
38,31,1541,50,1875,0.8218666666666666,R
39,44,6582002,50,6900000,0.9539133333333333,R
40,87,7098,43,7500,0.9464,R
41,83,7280,46,7500,0.9706666666666667,R
42,85,6794,50,7500,0.9058666666666667,R
43,46,3474,43,3750,0.9264,R
44,42,1348,46,1500,0.8986666666666666,R
45,84,17190589,44,19061250,0.9018605285592498,R
46,89,5834,46,7500,0.7778666666666667,R
47,85,6802,49,7500,0.9069333333333334,R
48,45,6163983,44,6641250,0.9281359683794467,R
49,48,6118483,46,7043750,0.86864,R
50,44,6512450,49,6900000,0.9438333333333333,R
51,30,138282,44,146875,0.9414944680851064,R
52,39,705730,43,825000,0.855430303030303,R
53,77,2460,42,3000,0.82,R
54,31,1536,49,1875,0.8192,R
55,73,2864,47,3000,0.9546666666666667,R
56,115,11874,49,15000,0.7916,R
57,114,2576320,44,3187500,0.8082572549019608,R
58,75,3535476,51,3570000,0.9903294117647059,R
59,119,14182,46,15000,0.9454666666666667,R
60,49,37416,48,37500,0.99776,R
61,45,6137418,47,6641250,0.9241359683794467,R
62,41,1595,42,1750,0.9114285714285715,R
63,82,7266,51,7500,0.9688,R
64,48,6250342,45,7043750,0.88736,R
65,88,29076375,48,32312500,0.8998491295938105,R
66,84,17197219,47,19061250,0.9022083546462063,R
67,80,13275186,42,14662500,0.9053835294117647,R
68,43,1472,51,1500,0.9813333333333333,R
69,89,5834,45,7500,0.7778666666666667,R
70,114,2543595,47,3187500,0.7979905882352941,R
71,78,2318,50,3000,0.7726666666666666,R
72,110,3076418,42,3312500,0.9287299622641509,R
73,119,14112,45,15000,0.9408,R
74,118,11380,48,15000,0.7586666666666667,R
75,36,835,51,875,0.9542857142857143,R
76,112,12810,51,15000,0.854,R
77,73,2708,44,3000,0.9026666666666666,R
78,30,139692,47,146875,0.9510944680851063,R
79,72,2673,49,3000,0.891,R
80,34,110400,42,112500,0.9813333333333333,R
81,112,12818,48,15000,0.8545333333333334,R
82,72,2673,50,3000,0.891,R
83,113,13118,45,15000,0.8745333333333334,R
84,78,2358,49,3000,0.786,R
85,37,261240,45,262500,0.9952,R
86,74,486864,46,552000,0.882,R
87,118,11380,51,15000,0.7586666666666667,R
88,36,835,48,875,0.9542857142857143,R
89,70,3413544,43,3900000,0.8752676923076923,R
90,79,559464,44,612500,0.913410612244898,R
91,42,1344,45,1500,0.896,R
92,88,29203275,51,32312500,0.9037764023210831,R
93,43,1472,48,1500,0.9813333333333333,R
94,83,7280,45,7500,0.9706666666666667,R
95,49,37416,51,37500,0.99776,R
96,82,7266,48,7500,0.9688,R
97,73,2780,45,3000,0.9266666666666666,R
98,112,12818,50,15000,0.8545333333333334,R
99,34,110508,43,112500,0.9822933333333334,R
100,72,2676,48,3000,0.892,R
101,30,138658,46,146875,0.9440544680851064,R
102,110,3087389,43,3312500,0.9320419622641509,R
103,119,14176,44,15000,0.9450666666666667,R
104,78,2334,51,3000,0.778,R
105,114,2568585,46,3187500,0.8058305882352941,R
106,36,835,50,875,0.9542857142857143,R
107,118,11380,49,15000,0.7586666666666667,R
108,88,29063450,49,32312500,0.8994491295938104,R
109,80,12822408,43,14662500,0.8745035294117647,R
110,43,1472,50,1500,0.9813333333333333,R
111,89,5834,44,7500,0.7778666666666667,R
112,84,17201197,46,19061250,0.9024170502983803,R
113,49,37416,49,37500,0.99776,R
114,41,1581,43,1750,0.9034285714285715,R
115,82,7266,50,7500,0.9688,R
116,48,6091435,44,7043750,0.8648,R
117,45,6251763,46,6641250,0.9413533596837945,R
118,83,7304,44,7500,0.9738666666666667,R
119,49,37416,50,37500,0.99776,R
120,82,7266,49,7500,0.9688,R
121,42,1344,44,1500,0.896,R
122,88,28968275,50,32312500,0.8965036750483559,R
123,43,1472,49,1500,0.9813333333333333,R
124,37,261240,44,262500,0.9952,R
125,78,2466,48,3000,0.822,R
126,70,3377976,42,3900000,0.8661476923076923,R
127,79,561669,45,612500,0.917010612244898,R
128,36,835,49,875,0.9542857142857143,R
129,118,11380,50,15000,0.7586666666666667,R
130,74,486864,47,552000,0.882,R
131,112,12750,49,15000,0.85,R
132,113,13110,44,15000,0.874,R
133,72,2667,51,3000,0.889,R
134,40,121664,48,162500,0.7487015384615384,R
135,48,6446440,42,7043750,0.9152,R
136,41,1588,45,1750,0.9074285714285715,R
137,120,2866144,50,3187500,0.899182431372549,R
138,81,6734,48,7500,0.8978666666666667,R
139,89,5834,42,7500,0.7778666666666667,R
140,80,13266975,45,14662500,0.9048235294117647,R
141,71,2574,50,3000,0.858,R
142,119,14172,42,15000,0.9448,R
143,110,3082407,45,3312500,0.930537962264151,R
144,111,11574836,48,11602500,0.9976156862745098,R
145,77,2458,46,3000,0.8193333333333334,R
146,35,1819231,48,2394875,0.7596350540216087,R
147,73,2828,43,3000,0.9426666666666667,R
148,39,710405,47,825000,0.8610969696969697,R
149,34,110508,45,112500,0.9822933333333334,R
150,35,1835009,51,2394875,0.7662232893157263,R
151,117,14432,47,15000,0.9621333333333333,R
152,113,13080,42,15000,0.872,R
153,33,183155,47,231875,0.7898867924528302,R
154,71,2582,49,3000,0.8606666666666667,R
155,37,261240,42,262500,0.9952,R
156,111,11574836,51,11602500,0.9976156862745098,R
157,79,562159,43,612500,0.9178106122448979,R
158,70,3423528,44,3900000,0.8778276923076923,R
159,46,3504,47,3750,0.9344,R
160,42,1318,42,1500,0.8786666666666667,R
161,81,6776,51,7500,0.9034666666666666,R
162,87,7162,47,7500,0.9549333333333333,R
163,83,7268,42,7500,0.9690666666666666,R
164,40,117400,51,162500,0.7224615384615385,R
165,120,2867419,49,3187500,0.899582431372549,R
166,73,2828,42,3000,0.9426666666666667,R
167,35,1853041,49,2394875,0.7737527010804321,R
168,77,2520,47,3000,0.84,R
169,34,110616,44,112500,0.9832533333333333,R
170,39,711230,46,825000,0.8620969696969697,R
171,119,14186,43,15000,0.9457333333333333,R
172,110,3077266,44,3312500,0.928985962264151,R
173,71,2566,51,3000,0.8553333333333333,R
174,111,11574836,49,11602500,0.9976156862745098,R
175,81,6746,49,7500,0.8994666666666666,R
176,89,5834,43,7500,0.7778666666666667,R
177,80,13343220,44,14662500,0.9100235294117647,R
178,40,121716,49,162500,0.7490215384615385,R
179,120,2874355,51,3187500,0.9017584313725491,R
180,48,6090308,43,7043750,0.86464,R
181,41,1609,44,1750,0.9194285714285715,R
182,83,7220,43,7500,0.9626666666666667,R
183,40,121768,50,162500,0.7493415384615385,R
184,87,7170,46,7500,0.956,R
185,120,2859004,48,3187500,0.896942431372549,R
186,42,1318,43,1500,0.8786666666666667,R
187,81,6708,50,7500,0.8944,R
188,46,3459,46,3750,0.9224,R
189,37,261240,43,262500,0.9952,R
190,71,2586,48,3000,0.862,R
191,33,183155,46,231875,0.7898867924528302,R
192,79,559954,42,612500,0.914210612244898,R
193,70,3407616,45,3900000,0.8737476923076923,R
194,111,11574836,50,11602500,0.9976156862745098,R
195,35,1805707,50,2394875,0.7539879951980792,R
196,113,13092,43,15000,0.8728,R
197,117,14408,46,15000,0.9605333333333334,R
198,47,5721525,48,6462500,0.8853423597678917,R
199,46,3464,45,3750,0.9237333333333333,R
200,86,6632,48,7500,0.8842666666666666,R
201,87,7122,45,7500,0.9496,R
202,76,2938,50,3000,0.9793333333333333,R
203,117,14432,45,15000,0.9621333333333333,R
204,116,14386,48,15000,0.9590666666666666,R
205,38,140238,51,162500,0.8630030769230769,R
206,70,3441624,46,3900000,0.8824676923076923,R
207,32,568,48,750,0.7573333333333333,R
208,74,492752,43,552000,0.8926666666666667,R
209,33,172025,45,231875,0.7418867924528302,R
210,32,566,51,750,0.7546666666666667,R
211,110,3081029,47,3312500,0.9301219622641509,R
212,114,2570710,42,3187500,0.8064972549019608,R
213,34,110724,47,112500,0.9842133333333334,R
214,76,2938,49,3000,0.9793333333333333,R
215,39,701330,45,825000,0.8500969696969697,R
216,30,137436,42,146875,0.9357344680851064,R
217,116,14362,51,15000,0.9574666666666667,R
218,38,144242,48,162500,0.8876430769230769,R
219,77,2462,44,3000,0.8206666666666667,R
220,41,1574,47,1750,0.8994285714285715,R
221,86,6644,51,7500,0.8858666666666667,R
222,45,6217113,42,6641250,0.9361359683794467,R
223,80,13110966,47,14662500,0.8941835294117647,R
224,47,5669825,51,6462500,0.8773423597678917,R
225,84,17193241,42,19061250,0.9019996589940324,R
226,74,490084,42,552000,0.8878333333333334,R
227,32,554,49,750,0.7386666666666667,R
228,70,3403248,47,3900000,0.8726276923076923,R
229,33,190575,44,231875,0.8218867924528301,R
230,117,14432,44,15000,0.9621333333333333,R
231,76,2938,51,3000,0.9793333333333333,R
232,38,144398,50,162500,0.8886030769230769,R
233,116,14422,49,15000,0.9614666666666667,R
234,86,6652,49,7500,0.8869333333333334,R
235,87,7146,44,7500,0.9528,R
236,47,5708600,49,6462500,0.8833423597678917,R
237,46,3414,44,3750,0.9104,R
238,47,5733275,50,6462500,0.8871605415860735,R
239,84,17199871,43,19061250,0.9023474850809889,R
240,80,13201287,46,14662500,0.9003435294117647,R
241,86,6642,50,7500,0.8856,R
242,45,6225198,43,6641250,0.9373533596837945,R
243,41,1574,46,1750,0.8994285714285715,R
244,39,709855,44,825000,0.860430303030303,R
245,30,134522,43,146875,0.9158944680851063,R
246,76,2938,48,3000,0.9793333333333333,R
247,34,108816,46,112500,0.9672533333333333,R
248,77,2456,45,3000,0.8186666666666667,R
249,38,142058,49,162500,0.874203076923077,R
250,116,14350,50,15000,0.9566666666666667,R
251,32,578,50,750,0.7706666666666667,R
252,114,2565015,43,3187500,0.8047105882352941,R
253,110,3085640,46,3312500,0.931513962264151,R
254,87,7118,50,7500,0.9490666666666666,R
255,44,6535634,43,6900000,0.9471933333333333,R
256,40,119428,46,162500,0.7349415384615384,R
257,46,3449,50,3750,0.9197333333333333,R
258,85,6818,43,7500,0.9090666666666667,R
259,81,6794,46,7500,0.9058666666666667,R
260,33,175735,50,231875,0.7578867924528302,R
261,115,11874,43,15000,0.7916,R
262,111,11574836,46,11602500,0.9976156862745098,R
263,77,2476,48,3000,0.8253333333333334,R
264,31,1501,43,1875,0.8005333333333333,R
265,38,145022,44,162500,0.8924430769230769,R
266,35,1886851,46,2394875,0.7878703481392557,R
267,117,14420,50,15000,0.9613333333333334,R
268,39,709305,49,825000,0.8597636363636364,R
269,76,2938,45,3000,0.9793333333333333,R
270,77,2498,51,3000,0.8326666666666667,R
271,116,14386,44,15000,0.9590666666666666,R
272,117,14432,49,15000,0.9621333333333333,R
273,39,709030,50,825000,0.859430303030303,R
274,33,186865,49,231875,0.8058867924528302,R
275,75,3535476,42,3570000,0.9903294117647059,R
276,71,2586,47,3000,0.862,R
277,32,578,44,750,0.7706666666666667,R
278,46,3439,49,3750,0.9170666666666667,R
279,47,5659250,44,6462500,0.875705996131528,R
280,87,7142,49,7500,0.9522666666666667,R
281,86,6658,44,7500,0.8877333333333334,R
282,120,2868235,47,3187500,0.899838431372549,R
283,35,1891359,47,2394875,0.7897527010804322,R
284,31,1566,42,1875,0.8352,R
285,38,146374,45,162500,0.9007630769230769,R
286,77,2444,49,3000,0.8146666666666667,R
287,76,2938,44,3000,0.9793333333333333,R
288,39,714530,48,825000,0.8660969696969697,R
289,117,14408,51,15000,0.9605333333333334,R
290,33,183155,51,231875,0.7898867924528302,R
291,111,11574836,47,11602500,0.9976156862745098,R
292,115,11874,42,15000,0.7916,R
293,81,6730,47,7500,0.8973333333333333,R
294,46,3459,51,3750,0.9224,R
295,85,6780,42,7500,0.904,R
296,40,119948,47,162500,0.7381415384615385,R
297,87,7092,51,7500,0.9456,R
298,44,6501410,42,6900000,0.9422333333333334,R
299,87,7104,48,7500,0.9472,R
300,120,2854975,46,3187500,0.895678431372549,R
301,86,6626,45,7500,0.8834666666666666,R
302,46,3424,48,3750,0.9130666666666667,R
303,47,5699200,45,6462500,0.8818878143133462,R
304,71,2596,46,3000,0.8653333333333333,R
305,75,3524052,43,3570000,0.9871294117647059,R
306,33,186865,48,231875,0.8058867924528302,R
307,32,580,45,750,0.7733333333333333,R
308,116,14362,45,15000,0.9574666666666667,R
309,77,2446,50,3000,0.8153333333333334,R
310,39,704080,51,825000,0.853430303030303,R
311,117,14432,48,15000,0.9621333333333333,R
312,43,1472,43,1500,0.9813333333333333,R
313,80,13235304,50,14662500,0.9026635294117648,R
314,47,5656900,46,6462500,0.8753423597678917,R
315,120,2868847,45,3187500,0.900030431372549,R
316,82,7266,43,7500,0.9688,R
317,41,1588,50,1750,0.9074285714285715,R
318,86,6616,46,7500,0.8821333333333333,R
319,34,110724,50,112500,0.9842133333333334,R
320,112,12786,43,15000,0.8524,R
321,116,14386,46,15000,0.9590666666666666,R
322,70,3401064,48,3900000,0.8720676923076923,R
323,36,835,43,875,0.9542857142857143,R
324,32,566,46,750,0.7546666666666667,R
325,110,3072231,50,3312500,0.9274659622641509,R
326,71,2576,45,3000,0.8586666666666667,R
327,78,2394,42,3000,0.798,R
328,70,3429456,51,3900000,0.8793476923076923,R
329,111,11574836,44,11602500,0.9976156862745098,R
330,118,11380,43,15000,0.7586666666666667,R
331,110,3086117,49,3312500,0.931657962264151,R
332,34,111372,49,112500,0.9899733333333334,R
333,72,2673,42,3000,0.891,R
334,76,2938,47,3000,0.9793333333333333,R
335,35,1837263,44,2394875,0.7671644657863145,R
336,38,144502,46,162500,0.8892430769230769,R
337,41,1574,49,1750,0.8994285714285715,R
338,40,119324,44,162500,0.7343015384615384,R
339,49,37416,43,37500,0.99776,R
340,80,13288089,49,14662500,0.9062635294117647,R
341,81,6692,44,7500,0.8922666666666667,R
342,88,29159800,43,32312500,0.9024309477756286,R
343,32,590,47,750,0.7866666666666666,R
344,36,835,42,875,0.9542857142857143,R
345,70,3421344,49,3900000,0.8772676923076923,R
346,71,2594,44,3000,0.8646666666666667,R
347,78,2404,43,3000,0.8013333333333333,R
348,110,3081082,51,3312500,0.9301379622641509,R
349,34,110940,51,112500,0.9861333333333333,R
350,116,14362,47,15000,0.9574666666666667,R
351,112,12796,42,15000,0.8530666666666666,R
352,86,6610,47,7500,0.8813333333333333,R
353,82,7266,42,7500,0.9688,R
354,41,1588,51,1750,0.9074285714285715,R
355,120,2864920,44,3187500,0.898798431372549,R
356,47,5666300,47,6462500,0.8767969052224371,R
357,43,1472,42,1500,0.9813333333333333,R
358,80,13182519,51,14662500,0.8990635294117647,R
359,80,13102755,48,14662500,0.8936235294117647,R
360,81,6768,45,7500,0.9024,R
361,88,29175075,42,32312500,0.9029036750483559,R
362,41,1574,48,1750,0.8994285714285715,R
363,40,118440,45,162500,0.7288615384615384,R
364,49,37416,42,37500,0.99776,R
365,76,2938,46,3000,0.9793333333333333,R
366,72,2676,43,3000,0.892,R
367,34,111156,48,112500,0.9880533333333333,R
368,38,142370,47,162500,0.8761230769230769,R
369,35,1911645,45,2394875,0.7982232893157263,R
370,111,11574836,45,11602500,0.9976156862745098,R
371,118,11380,42,15000,0.7586666666666667,R
372,70,3430080,50,3900000,0.8795076923076923,R
373,110,3081029,48,3312500,0.9301219622641509,R
374,89,5834,50,7500,0.7778666666666667,R
375,43,1472,44,1500,0.9813333333333333,R
376,42,1358,49,1500,0.9053333333333333,R
377,120,2867827,42,3187500,0.899710431372549,R
378,48,6186103,50,7043750,0.87824,R
379,82,7266,44,7500,0.9688,R
380,83,7292,49,7500,0.9722666666666666,R
381,113,13150,49,15000,0.8766666666666667,R
382,73,2804,51,3000,0.9346666666666666,R
383,112,12864,44,15000,0.8576,R
384,79,563041,48,612500,0.919250612244898,R
385,36,835,44,875,0.9542857142857143,R
386,119,14172,50,15000,0.9448,R
387,37,261240,49,262500,0.9952,R
388,78,2390,45,3000,0.7966666666666666,R
389,71,2588,42,3000,0.8626666666666667,R
390,75,3529764,47,3570000,0.9887294117647059,R
391,79,566079,51,612500,0.924210612244898,R
392,118,11380,44,15000,0.7586666666666667,R
393,111,11574836,43,11602500,0.9976156862745098,R
394,115,11874,46,15000,0.7916,R
395,119,14176,49,15000,0.9450666666666667,R
396,37,261240,50,262500,0.9952,R
397,113,13138,50,15000,0.8758666666666667,R
398,72,2667,45,3000,0.889,R
399,73,2816,48,3000,0.9386666666666666,R
400,35,1929677,43,2394875,0.8057527010804322,R
401,31,1506,46,1875,0.8032,R
402,48,6162436,49,7043750,0.87488,R
403,49,37416,44,37500,0.99776,R
404,40,119896,43,162500,0.7378215384615384,R
405,83,7292,50,7500,0.9722666666666666,R
406,44,6500306,46,6900000,0.9420733333333333,R
407,89,5834,49,7500,0.7778666666666667,R
408,88,29086950,44,32312500,0.9001764023210832,R
409,81,6740,43,7500,0.8986666666666666,R
410,42,1344,50,1500,0.896,R
411,85,6790,46,7500,0.9053333333333333,R
412,36,835,45,875,0.9542857142857143,R
413,79,555299,49,612500,0.9066106122448979,R
414,75,3526908,46,3570000,0.9879294117647058,R
415,78,2484,44,3000,0.828,R
416,71,2594,43,3000,0.8646666666666667,R
417,37,261240,48,262500,0.9952,R
418,119,14156,51,15000,0.9437333333333333,R
419,113,13114,48,15000,0.8742666666666666,R
420,112,12678,45,15000,0.8452,R
421,73,2804,50,3000,0.9346666666666666,R
422,48,6165817,51,7043750,0.87536,R
423,82,7266,45,7500,0.9688,R
424,120,2867929,43,3187500,0.8997424313725491,R
425,83,7256,48,7500,0.9674666666666667,R
426,89,5834,51,7500,0.7778666666666667,R
427,43,1472,45,1500,0.9813333333333333,R
428,42,1318,48,1500,0.8786666666666667,R
429,89,5834,48,7500,0.7778666666666667,R
430,85,6802,47,7500,0.9069333333333334,R
431,88,28971800,45,32312500,0.8966127659574468,R
432,81,6720,42,7500,0.896,R
433,42,1354,51,1500,0.9026666666666666,R
434,48,6129753,48,7043750,0.87024,R
435,44,6570962,47,6900000,0.9523133333333333,R
436,49,37416,45,37500,0.99776,R
437,40,117400,42,162500,0.7224615384615385,R
438,83,7268,51,7500,0.9690666666666666,R
439,72,2676,44,3000,0.892,R
440,113,13110,51,15000,0.874,R
441,31,1536,47,1875,0.8192,R
442,35,1855295,42,2394875,0.7746938775510204,R
443,73,2792,49,3000,0.9306666666666666,R
444,115,11874,47,15000,0.7916,R
445,118,11380,45,15000,0.7586666666666667,R
446,111,11574836,42,11602500,0.9976156862745098,R
447,79,559366,50,612500,0.913250612244898,R
448,37,261240,51,262500,0.9952,R
449,119,14124,48,15000,0.9416,R
450,44,6524594,44,6900000,0.9455933333333333,R
451,49,37416,46,37500,0.99776,R
452,45,6217113,49,6641250,0.9361359683794467,R
453,85,6816,44,7500,0.9088,R
454,88,29178600,46,32312500,0.9030127659574468,R
455,84,17203849,49,19061250,0.9025561807331628,R
456,114,2537985,49,3187500,0.7962305882352941,R
457,74,491142,51,552000,0.88975,R
458,115,11874,44,15000,0.7916,R
459,118,11380,46,15000,0.7586666666666667,R
460,38,147934,43,162500,0.9103630769230769,R
461,31,1531,44,1875,0.8165333333333333,R
462,30,134898,49,146875,0.9184544680851063,R
463,76,2938,42,3000,0.9793333333333333,R
464,72,2670,47,3000,0.89,R
465,116,14398,43,15000,0.9598666666666666,R
466,112,12796,46,15000,0.8530666666666666,R
467,30,138658,50,146875,0.9440544680851064,R
468,114,2559490,50,3187500,0.8029772549019608,R
469,75,3528336,45,3570000,0.9883294117647059,R
470,78,2360,47,3000,0.7866666666666666,R
471,74,494408,48,552000,0.8956666666666667,R
472,32,568,43,750,0.7573333333333333,R
473,36,835,46,875,0.9542857142857143,R
474,84,17185285,50,19061250,0.9015822676896845,R
475,47,5639275,43,6462500,0.872615087040619,R
476,43,1472,46,1500,0.9813333333333333,R
477,45,6182463,50,6641250,0.9309185770750988,R
478,86,6602,43,7500,0.8802666666666666,R
479,82,7266,46,7500,0.9688,R
480,38,144086,42,162500,0.8866830769230769,R
481,31,1561,45,1875,0.8325333333333333,R
482,72,2667,46,3000,0.889,R
483,76,2938,43,3000,0.9793333333333333,R
484,30,134663,48,146875,0.9168544680851064,R
485,114,2568585,48,3187500,0.8058305882352941,R
486,118,11380,47,15000,0.7586666666666667,R
487,115,11874,45,15000,0.7916,R
488,74,484196,50,552000,0.8771666666666667,R
489,88,29215025,47,32312500,0.9041400386847195,R
490,85,6804,45,7500,0.9072,R
491,84,17223739,48,19061250,0.9035996589940324,R
492,49,37416,47,37500,0.99776,R
493,44,6455042,45,6900000,0.9355133333333333,R
494,45,6172068,48,6641250,0.9293533596837945,R
495,82,7266,47,7500,0.9688,R
496,45,6217113,51,6641250,0.9361359683794467,R
497,86,6656,42,7500,0.8874666666666666,R
498,43,1472,47,1500,0.9813333333333333,R
499,84,17183959,51,19061250,0.9015127024722933,R
500,47,5699200,42,6462500,0.8818878143133462,R
501,78,2418,46,3000,0.806,R
502,75,3531192,44,3570000,0.9891294117647059,R
503,114,2540535,51,3187500,0.7970305882352942,R
504,36,835,47,875,0.9542857142857143,R
505,32,566,42,750,0.7546666666666667,R
506,74,490636,49,552000,0.8888333333333334,R
507,112,12764,47,15000,0.8509333333333333,R
508,116,14362,42,15000,0.9574666666666667,R
509,30,137765,51,146875,0.9379744680851064,R
510,24,17028,46,18000,0.946,R
511,66,2942,48,3000,0.9806666666666667,R
512,29,186228,44,192500,0.9674181818181818,R
513,20,139668,43,169050,0.8261934338952972,R
514,28,146131,49,159375,0.9169003921568627,R
515,106,13990,50,15000,0.9326666666666666,R
516,67,2822,45,3000,0.9406666666666667,R
517,4,252,44,300,0.84,R
518,22,626,50,750,0.8346666666666667,R
519,9,141246,46,148050,0.9540425531914893,R
520,100,6316,46,7500,0.8421333333333333,R
521,5,151002,49,182700,0.8265024630541872,R
522,104,14488,43,15000,0.9658666666666667,R
523,90,5624844,46,6375000,0.8823284705882353,R
524,94,4315234,43,4812500,0.896672,R
525,57,3151,50,3750,0.8402666666666667,R
526,19,3120,51,5000,0.624,R
527,51,4724,46,5250,0.8998095238095238,R
528,55,5988425,43,6737500,0.8888200371057514,R
529,96,7016,50,7500,0.9354666666666667,R
530,13,1074480,48,1180000,0.9105762711864407,R
531,12,672,45,750,0.896,R
532,96,7000,49,7500,0.9333333333333333,R
533,13,1027280,51,1180000,0.8705762711864407,R
534,97,6592,44,7500,0.8789333333333333,R
535,15,2868,47,3000,0.956,R
536,18,16410,45,16500,0.9945454545454545,R
537,11,672,42,750,0.896,R
538,57,3096,49,3750,0.8256,R
539,56,1334,44,1500,0.8893333333333333,R
540,19,3272,48,5000,0.6544,R
541,60,4972232,47,5692500,0.8734707070707071,R
542,22,608,49,750,0.8106666666666666,R
543,64,245376,42,264000,0.9294545454545454,R
544,5,151002,50,182700,0.8265024630541872,R
545,23,2854950,44,3139500,0.9093645484949833,R
546,66,2942,51,3000,0.9806666666666667,R
547,107,249764,44,250000,0.999056,R
548,7,1612632,43,1849200,0.8720700843608047,R
549,3,155,46,300,0.5166666666666667,R
550,28,145672,50,159375,0.9140203921568627,R
551,106,13980,49,15000,0.932,R
552,13,1097136,49,1180000,0.9297762711864407,R
553,55,6030075,42,6737500,0.8950018552875696,R
554,96,7012,51,7500,0.9349333333333333,R
555,51,4759,47,5250,0.9064761904761904,R
556,12,672,44,750,0.896,R
557,94,4321284,42,4812500,0.8979291428571429,R
558,57,3086,51,3750,0.8229333333333333,R
559,90,5642592,47,6375000,0.8851124705882353,R
560,19,3568,50,5000,0.7136,R
561,22,598,51,750,0.7973333333333333,R
562,9,147168,47,148050,0.9940425531914894,R
563,4,252,45,300,0.84,R
564,104,14500,42,15000,0.9666666666666667,R
565,100,6258,47,7500,0.8344,R
566,5,157962,48,182700,0.8645977011494252,R
567,29,183148,45,192500,0.9514181818181818,R
568,20,135993,42,169050,0.8044543034605146,R
569,66,2942,49,3000,0.9806666666666667,R
570,24,16684,47,18000,0.9268888888888889,R
571,67,2802,44,3000,0.934,R
572,106,13938,51,15000,0.9292,R
573,28,141745,48,159375,0.8893803921568627,R
574,107,249764,45,250000,0.999056,R
575,66,2942,50,3000,0.9806666666666667,R
576,3,176,47,300,0.5866666666666667,R
577,106,13998,48,15000,0.9332,R
578,28,146947,51,159375,0.9220203921568627,R
579,7,1649616,42,1849200,0.8920700843608047,R
580,64,245160,43,264000,0.9286363636363636,R
581,22,614,48,750,0.8186666666666667,R
582,60,5004317,46,5692500,0.8791070707070707,R
583,23,2901906,45,3139500,0.9243210702341137,R
584,5,151002,51,182700,0.8265024630541872,R
585,57,3141,48,3750,0.8376,R
586,18,16410,44,16500,0.9945454545454545,R
587,11,662,43,750,0.8826666666666667,R
588,15,2748,46,3000,0.916,R
589,19,3172,49,5000,0.6344,R
590,56,1322,45,1500,0.8813333333333333,R
591,13,1097136,50,1180000,0.9297762711864407,R
592,96,6990,48,7500,0.932,R
593,97,6558,45,7500,0.8744,R
594,23,2887710,46,3139500,0.919799331103679,R
595,8,618240,50,619500,0.9979661016949153,R
596,61,18327,48,21000,0.8727142857142857,R
597,27,6333,43,6375,0.9934117647058823,R
598,101,14562,50,15000,0.9708,R
599,69,13014964,42,14950000,0.8705661538461539,R
600,60,5052962,45,5692500,0.8876525252525252,R
601,3,155,44,300,0.5166666666666667,R
602,25,129255,50,133875,0.9654901960784313,R
603,2,1072,49,1200,0.8933333333333333,R
604,107,249764,46,250000,0.999056,R
605,103,5794836,43,6375000,0.9089938823529412,R
606,97,6466,46,7500,0.8621333333333333,R
607,50,126302,50,132000,0.9568333333333333,R
608,93,6966,43,7500,0.9288,R
609,56,1326,46,1500,0.884,R
610,91,6544,50,7500,0.8725333333333334,R
611,52,1340,43,1500,0.8933333333333333,R
612,14,101144,48,108000,0.9365185185185185,R
613,18,16410,47,16500,0.9945454545454545,R
614,15,2868,45,3000,0.956,R
615,91,6550,49,7500,0.8733333333333333,R
616,14,101144,51,108000,0.9365185185185185,R
617,99,1275672,43,1437500,0.887424,R
618,90,5640348,44,6375000,0.8847604705882353,R
619,12,672,47,750,0.896,R
620,16,817880,42,821100,0.996078431372549,R
621,50,128414,49,132000,0.9728333333333333,R
622,58,64939,43,68750,0.9445672727272727,R
623,51,4724,44,5250,0.8998095238095238,R
624,67,2838,47,3000,0.946,R
625,25,131397,49,133875,0.9814901960784314,R
626,63,7638202,42,8415000,0.9076888888888889,R
627,2,1088,50,1200,0.9066666666666666,R
628,29,183148,46,192500,0.9514181818181818,R
629,24,16684,44,18000,0.9268888888888889,R
630,8,618240,49,619500,0.9979661016949153,R
631,61,18348,51,21000,0.8737142857142857,R
632,109,14316,43,15000,0.9544,R
633,100,6294,44,7500,0.8392,R
634,9,141246,44,148050,0.9540425531914893,R
635,101,14562,49,15000,0.9708,R
636,4,266,46,300,0.8866666666666667,R
637,14,101144,49,108000,0.9365185185185185,R
638,91,6538,51,7500,0.8717333333333334,R
639,52,1342,42,1500,0.8946666666666667,R
640,56,1356,47,1500,0.904,R
641,15,2868,44,3000,0.956,R
642,18,16410,46,16500,0.9945454545454545,R
643,50,128414,51,132000,0.9728333333333333,R
644,93,7008,42,7500,0.9344,R
645,97,6588,47,7500,0.8784,R
646,25,129255,51,133875,0.9654901960784313,R
647,3,167,45,300,0.5566666666666666,R
648,103,5787786,42,6375000,0.907888,R
649,2,1088,48,1200,0.9066666666666666,R
650,107,249764,47,250000,0.999056,R
651,27,6333,42,6375,0.9934117647058823,R
652,61,18243,49,21000,0.8687142857142857,R
653,23,2906274,47,3139500,0.9257123745819398,R
654,8,618240,51,619500,0.9979661016949153,R
655,69,12982672,43,14950000,0.8684061538461538,R
656,60,5061242,44,5692500,0.8891070707070707,R
657,101,14550,51,15000,0.97,R
658,109,14316,42,15000,0.9544,R
659,100,6262,45,7500,0.8349333333333333,R
660,61,18180,50,21000,0.8657142857142858,R
661,8,618240,48,619500,0.9979661016949153,R
662,101,14562,48,15000,0.9708,R
663,4,254,47,300,0.8466666666666667,R
664,9,135324,45,148050,0.9140425531914894,R
665,63,7669992,43,8415000,0.9114666666666666,R
666,25,131397,48,133875,0.9814901960784314,R
667,67,2820,46,3000,0.94,R
668,24,16924,45,18000,0.9402222222222222,R
669,2,1104,51,1200,0.92,R
670,29,183148,47,192500,0.9514181818181818,R
671,50,127358,48,132000,0.9648333333333333,R
672,16,817880,43,821100,0.996078431372549,R
673,12,672,46,750,0.896,R
674,58,65060,42,68750,0.9463272727272727,R
675,51,4815,45,5250,0.9171428571428571,R
676,14,102440,50,108000,0.9485185185185185,R
677,91,6538,48,7500,0.8717333333333334,R
678,99,1281974,42,1437500,0.891808,R
679,90,5651160,45,6375000,0.8864564705882353,R
680,1,1300,50,1500,0.8666666666666667,R
681,68,13221297,48,14662500,0.9017082352941177,R
682,27,6333,44,6375,0.9934117647058823,R
683,64,248520,47,264000,0.9413636363636364,R
684,26,1288,49,1500,0.8586666666666667,R
685,108,13370,50,15000,0.8913333333333333,R
686,60,4976372,42,5692500,0.8741979797979798,R
687,69,13006592,45,14950000,0.8700061538461539,R
688,3,167,43,300,0.5566666666666666,R
689,7,1599768,46,1849200,0.8651135626216743,R
690,102,14881868,49,16065000,0.9263534391534392,R
691,62,10753743,51,11130000,0.9661943396226416,R
692,103,5787486,44,6375000,0.9078409411764706,R
693,93,6984,44,7500,0.9312,R
694,59,275850,50,300000,0.9195,R
695,92,12604302,49,13455000,0.9367745819397993,R
696,17,1184799,51,2125200,0.5575,R
697,52,1356,44,1500,0.904,R
698,98,8716152,50,9750000,0.8939643076923077,R
699,11,652,47,750,0.8693333333333333,R
700,15,2868,42,3000,0.956,R
701,53,1332,49,1500,0.888,R
702,98,8756088,49,9750000,0.8980603076923077,R
703,94,4282234,46,4812500,0.8898148571428571,R
704,53,1330,50,1500,0.8866666666666667,R
705,90,5651772,43,6375000,0.8865524705882353,R
706,99,1274844,44,1437500,0.886848,R
707,16,817880,45,821100,0.996078431372549,R
708,59,276700,49,300000,0.9223333333333333,R
709,55,5972500,46,6737500,0.8864564007421151,R
710,92,12652974,50,13455000,0.9403919732441471,R
711,51,4745,43,5250,0.9038095238095238,R
712,58,63564,44,68750,0.9245672727272727,R
713,17,1223761,48,2125200,0.5758333333333333,R
714,102,14845148,50,16065000,0.9240677248677248,R
715,63,7668122,45,8415000,0.9112444444444444,R
716,20,130848,46,169050,0.774019520851819,R
717,62,10739274,48,11130000,0.9648943396226415,R
718,24,16788,43,18000,0.9326666666666666,R
719,104,14512,46,15000,0.9674666666666667,R
720,1,1340,49,1500,0.8933333333333333,R
721,68,13238892,51,14662500,0.9029082352941177,R
722,100,6280,43,7500,0.8373333333333334,R
723,109,14316,44,15000,0.9544,R
724,9,141246,43,148050,0.9540425531914893,R
725,26,1276,50,1500,0.8506666666666667,R
726,108,13460,49,15000,0.8973333333333333,R
727,52,1310,45,1500,0.8733333333333333,R
728,98,8812248,51,9750000,0.9038203076923077,R
729,53,1354,48,1500,0.9026666666666666,R
730,15,2748,43,3000,0.916,R
731,11,677,46,750,0.9026666666666666,R
732,93,6998,45,7500,0.9330666666666667,R
733,59,268850,51,300000,0.8961666666666667,R
734,17,1253868,50,2125200,0.59,R
735,92,12629574,48,13455000,0.9386528428093646,R
736,7,1710720,47,1849200,0.9251135626216742,R
737,102,14898392,48,16065000,0.9273820105820105,R
738,3,164,42,300,0.5466666666666666,R
739,103,5827236,45,6375000,0.9140762352941176,R
740,62,10768212,50,11130000,0.9674943396226415,R
741,27,6333,45,6375,0.9934117647058823,R
742,68,13347981,49,14662500,0.9103482352941177,R
743,1,1400,51,1500,0.9333333333333333,R
744,60,4998107,43,5692500,0.8780161616161616,R
745,69,13014964,44,14950000,0.8705661538461539,R
746,108,13468,51,15000,0.8978666666666667,R
747,26,1304,48,1500,0.8693333333333333,R
748,64,248256,46,264000,0.9403636363636364,R
749,100,6322,42,7500,0.8429333333333333,R
750,109,14316,45,15000,0.9544,R
751,68,13302234,50,14662500,0.9072282352941177,R
752,104,14512,47,15000,0.9674666666666667,R
753,1,1380,48,1500,0.92,R
754,108,13402,48,15000,0.8934666666666666,R
755,26,1292,51,1500,0.8613333333333333,R
756,9,147168,42,148050,0.9940425531914894,R
757,63,7617632,44,8415000,0.9052444444444444,R
758,102,14981624,51,16065000,0.9325629629629629,R
759,24,16932,42,18000,0.9406666666666667,R
760,62,10681398,49,11130000,0.9596943396226415,R
761,20,135258,47,169050,0.8001064773735581,R
762,59,274350,48,300000,0.9145,R
763,16,817880,44,821100,0.996078431372549,R
764,17,1214906,49,2125200,0.5716666666666667,R
765,92,12665142,51,13455000,0.9412963210702341,R
766,51,4738,42,5250,0.9024761904761904,R
767,58,64895,45,68750,0.9439272727272727,R
768,55,5970050,47,6737500,0.8860927643784786,R
769,98,8826600,48,9750000,0.9052923076923077,R
770,53,1324,51,1500,0.8826666666666667,R
771,90,5633412,42,6375000,0.8836724705882353,R
772,99,1270750,45,1437500,0.884,R
773,94,4299834,47,4812500,0.893472,R
774,6,266,50,300,0.8866666666666667,R
775,20,137757,44,169050,0.8148890860692103,R
776,29,180068,43,192500,0.9354181818181818,R
777,63,7705522,47,8415000,0.9156888888888889,R
778,21,2005,49,2625,0.7638095238095238,R
779,67,2814,42,3000,0.938,R
780,4,264,43,300,0.88,R
781,105,13454,49,15000,0.8969333333333334,R
782,109,14292,46,15000,0.9528,R
783,65,12536610,51,13524000,0.9269897959183674,R
784,104,14512,44,15000,0.9674666666666667,R
785,99,1268910,46,1437500,0.88272,R
786,94,4371884,44,4812500,0.9084434285714286,R
787,95,31359800,49,34781250,0.901629469901168,R
788,10,77368,51,80000,0.9671,R
789,58,64851,46,68750,0.9432872727272728,R
790,55,5970050,44,6737500,0.8860927643784786,R
791,16,817880,47,821100,0.996078431372549,R
792,12,672,42,750,0.896,R
793,54,1170,49,1500,0.78,R
794,93,7020,46,7500,0.936,R
795,97,6610,43,7500,0.8813333333333333,R
796,54,1170,50,1500,0.78,R
797,11,662,45,750,0.8826666666666667,R
798,18,16410,42,16500,0.9945454545454545,R
799,52,1336,46,1500,0.8906666666666667,R
800,56,1328,43,1500,0.8853333333333333,R
801,95,31204775,50,34781250,0.8971723270440252,R
802,10,75000,48,80000,0.9375,R
803,69,12998220,47,14950000,0.8694461538461539,R
804,105,13430,50,15000,0.8953333333333333,R
805,64,245424,45,264000,0.9296363636363636,R
806,27,6333,46,6375,0.9934117647058823,R
807,65,12482514,48,13524000,0.9229897959183674,R
808,23,2901906,43,3139500,0.9243210702341137,R
809,6,276,49,300,0.92,R
810,103,5750136,46,6375000,0.9019821176470588,R
811,107,249764,43,250000,0.999056,R
812,7,1659264,44,1849200,0.8972874756651525,R
813,21,2096,50,2625,0.7984761904761905,R
814,55,5985975,45,6737500,0.8884564007421151,R
815,58,64917,47,68750,0.9442472727272727,R
816,54,1170,48,1500,0.78,R
817,12,672,43,750,0.896,R
818,16,817880,46,821100,0.996078431372549,R
819,94,4348784,45,4812500,0.9036434285714285,R
820,99,1275948,47,1437500,0.887616,R
821,10,73144,50,80000,0.9143,R
822,95,31264400,48,34781250,0.8988866127583108,R
823,105,13412,48,15000,0.8941333333333333,R
824,4,246,42,300,0.82,R
825,104,14548,45,15000,0.9698666666666667,R
826,65,12484768,50,13524000,0.923156462585034,R
827,109,14316,47,15000,0.9544,R
828,20,137169,45,169050,0.811410825199645,R
829,29,180068,42,192500,0.9354181818181818,R
830,6,274,51,300,0.9133333333333333,R
831,67,2796,43,3000,0.932,R
832,21,2131,48,2625,0.8118095238095238,R
833,63,7705522,46,8415000,0.9156888888888889,R
834,107,249764,42,250000,0.999056,R
835,6,276,48,300,0.92,R
836,103,5803386,47,6375000,0.9103350588235294,R
837,21,2131,51,2625,0.8118095238095238,R
838,7,1662480,45,1849200,0.8990266060999351,R
839,64,248256,44,264000,0.9403636363636364,R
840,105,13409,51,15000,0.8939333333333334,R
841,69,12854700,46,14950000,0.8598461538461538,R
842,23,2883342,42,3139500,0.9184080267558529,R
843,65,12665088,49,13524000,0.9364897959183673,R
844,27,6333,47,6375,0.9934117647058823,R
845,11,667,44,750,0.8893333333333333,R
846,18,16410,43,16500,0.9945454545454545,R
847,10,75576,49,80000,0.9447,R
848,56,1326,42,1500,0.884,R
849,95,31214050,51,34781250,0.8974389937106918,R
850,52,1312,47,1500,0.8746666666666667,R
851,97,6614,42,7500,0.8818666666666667,R
852,54,1170,51,1500,0.78,R
853,93,6992,47,7500,0.9322666666666667,R
854,104,14500,51,15000,0.9666666666666667,R
855,65,12671850,44,13524000,0.9369897959183674,R
856,68,13252968,46,14662500,0.9038682352941176,R
857,64,249696,49,264000,0.9458181818181818,R
858,22,602,42,750,0.8026666666666666,R
859,26,1308,47,1500,0.872,R
860,106,14034,42,15000,0.9356,R
861,102,14900228,47,16065000,0.9274962962962963,R
862,7,1696248,48,1849200,0.9172874756651525,R
863,20,134523,51,169050,0.7957586512866016,R
864,6,270,45,300,0.9,R
865,96,6994,42,7500,0.9325333333333333,R
866,55,5930850,51,6737500,0.8802745825602969,R
867,92,12635190,47,13455000,0.9390702341137124,R
868,19,3568,43,5000,0.7136,R
869,10,75960,44,80000,0.9495,R
870,57,3091,42,3750,0.8242666666666667,R
871,94,4315784,51,4812500,0.8967862857142858,R
872,11,677,49,750,0.9026666666666666,R
873,53,1332,47,1500,0.888,R
874,95,31275000,45,34781250,0.8991913746630728,R
875,98,8840640,47,9750000,0.9067323076923077,R
876,94,4292134,48,4812500,0.891872,R
877,11,682,50,750,0.9093333333333333,R
878,54,1170,45,1500,0.78,R
879,59,272100,47,300000,0.907,R
880,13,1027280,43,1180000,0.8705762711864407,R
881,55,5988425,48,6737500,0.8888200371057514,R
882,17,1255639,46,2125200,0.5908333333333333,R
883,28,143479,42,159375,0.9002603921568627,R
884,21,2208,45,2625,0.8411428571428572,R
885,7,1662480,51,1849200,0.8990266060999351,R
886,20,133053,48,169050,0.7870629991126885,R
887,66,2942,43,3000,0.9806666666666667,R
888,62,10761534,46,11130000,0.9668943396226415,R
889,1,1340,47,1500,0.8933333333333333,R
890,104,14512,48,15000,0.9674666666666667,R
891,5,165966,42,182700,0.9084072249589491,R
892,64,247560,50,264000,0.9377272727272727,R
893,105,13442,45,15000,0.8961333333333333,R
894,108,13364,47,15000,0.8909333333333334,R
895,19,3120,42,5000,0.624,R
896,10,71160,45,80000,0.8895,R
897,53,1348,46,1500,0.8986666666666666,R
898,11,672,48,750,0.896,R
899,57,3091,43,3750,0.8242666666666667,R
900,94,4343834,50,4812500,0.9026148571428572,R
901,92,12653910,46,13455000,0.9404615384615385,R
902,96,7030,43,7500,0.9373333333333334,R
903,55,6061925,50,6737500,0.8997291280148423,R
904,102,14910632,46,16065000,0.9281439153439154,R
905,7,1625496,49,1849200,0.8790266060999351,R
906,106,14068,43,15000,0.9378666666666666,R
907,6,276,44,300,0.92,R
908,20,133347,50,169050,0.7888021295474712,R
909,68,13335078,47,14662500,0.9094682352941177,R
910,65,12586198,45,13524000,0.930656462585034,R
911,104,14500,50,15000,0.9666666666666667,R
912,26,1280,46,1500,0.8533333333333334,R
913,22,634,43,750,0.8453333333333334,R
914,64,247560,48,264000,0.9377272727272727,R
915,5,150654,43,182700,0.8245977011494253,R
916,1,1380,46,1500,0.92,R
917,104,14524,49,15000,0.9682666666666667,R
918,108,13422,46,15000,0.8948,R
919,105,13424,44,15000,0.8949333333333334,R
920,64,246336,51,264000,0.9330909090909091,R
921,7,1670520,50,1849200,0.9033744321868916,R
922,28,143275,43,159375,0.8989803921568628,R
923,21,2117,44,2625,0.8064761904761905,R
924,62,10689189,47,11130000,0.9603943396226415,R
925,66,2942,42,3000,0.9806666666666667,R
926,20,138492,49,169050,0.8192369121561668,R
927,59,269750,46,300000,0.8991666666666667,R
928,54,1170,44,1500,0.78,R
929,17,1184799,47,2125200,0.5575,R
930,55,5951675,49,6737500,0.8833654916512059,R
931,13,1027280,42,1180000,0.8705762711864407,R
932,98,8752032,46,9750000,0.8976443076923077,R
933,95,31333300,44,34781250,0.9008675651392632,R
934,11,682,51,750,0.9093333333333333,R
935,94,4347134,49,4812500,0.9033005714285715,R
936,103,5761686,51,6375000,0.9037938823529412,R
937,62,10783794,44,11130000,0.9688943396226415,R
938,63,7651292,49,8415000,0.9092444444444444,R
939,25,129255,42,133875,0.9654901960784313,R
940,21,2306,47,2625,0.8784761904761905,R
941,69,12913304,50,14950000,0.8637661538461539,R
942,108,13422,45,15000,0.8948,R
943,101,14562,42,15000,0.9708,R
944,105,13448,47,15000,0.8965333333333333,R
945,27,6333,51,6375,0.9934117647058823,R
946,109,14304,48,15000,0.9536,R
947,8,618240,42,619500,0.9979661016949153,R
948,1,1380,45,1500,0.92,R
949,99,1274200,48,1437500,0.8864,R
950,98,8783544,45,9750000,0.9008763076923076,R
951,52,1326,51,1500,0.884,R
952,91,6550,42,7500,0.8733333333333333,R
953,95,31298850,47,34781250,0.899877088948787,R
954,17,1223761,44,2125200,0.5758333333333333,R
955,58,64928,48,68750,0.9444072727272728,R
956,59,268350,45,300000,0.8945,R
957,93,7018,51,7500,0.9357333333333333,R
958,50,125246,42,132000,0.9488333333333333,R
959,16,817880,49,821100,0.996078431372549,R
960,54,1170,47,1500,0.78,R
961,58,64499,51,68750,0.9381672727272727,R
962,92,12550950,45,13455000,0.932809364548495,R
963,93,6986,48,7500,0.9314666666666667,R
964,16,817880,50,821100,0.996078431372549,R
965,99,1265920,51,1437500,0.88064,R
966,53,1352,45,1500,0.9013333333333333,R
967,14,99956,43,108000,0.9255185185185185,R
968,52,1346,48,1500,0.8973333333333333,R
969,10,74936,46,80000,0.9367,R
970,69,12920480,49,14950000,0.8642461538461539,R
971,26,1300,45,1500,0.8666666666666667,R
972,27,6333,48,6375,0.9934117647058823,R
973,109,14304,51,15000,0.9536,R
974,68,13295196,44,14662500,0.9067482352941176,R
975,61,18285,43,21000,0.8707142857142857,R
976,65,12730454,46,13524000,0.9413231292517007,R
977,103,5765286,48,6375000,0.9043585882352941,R
978,6,266,47,300,0.8866666666666667,R
979,2,1104,42,1200,0.92,R
980,63,7613892,50,8415000,0.9048,R
981,102,14826788,45,16065000,0.9229248677248677,R
982,58,63289,49,68750,0.9205672727272727,R
983,17,1106875,45,2125200,0.5208333333333334,R
984,54,1170,46,1500,0.78,R
985,16,817880,48,821100,0.996078431372549,R
986,59,272250,44,300000,0.9075,R
987,93,7052,50,7500,0.9402666666666667,R
988,50,128414,43,132000,0.9728333333333333,R
989,99,1272728,49,1437500,0.885376,R
990,95,31290900,46,34781250,0.8996485175202157,R
991,98,8784168,44,9750000,0.9009403076923077,R
992,52,1342,50,1500,0.8946666666666667,R
993,91,6538,43,7500,0.8717333333333334,R
994,105,13415,46,15000,0.8943333333333333,R
995,108,13340,44,15000,0.8893333333333333,R
996,101,14562,43,15000,0.9708,R
997,69,13052040,51,14950000,0.8730461538461538,R
998,8,618240,43,619500,0.9979661016949153,R
999,1,1340,44,1500,0.8933333333333333,R
1000,109,14316,49,15000,0.9544,R
1001,27,6333,50,6375,0.9934117647058823,R
1002,62,10631313,45,11130000,0.9551943396226416,R
1003,103,5778936,50,6375000,0.9064997647058823,R
1004,21,2117,46,2625,0.8064761904761905,R
1005,25,131397,43,133875,0.9814901960784314,R
1006,63,7686822,48,8415000,0.9134666666666666,R
1007,2,1104,43,1200,0.92,R
1008,103,5806836,49,6375000,0.9108762352941177,R
1009,6,270,46,300,0.9,R
1010,102,14881868,44,16065000,0.9263534391534392,R
1011,63,7742922,51,8415000,0.9201333333333334,R
1012,26,1304,44,1500,0.8693333333333333,R
1013,69,12944400,48,14950000,0.8658461538461538,R
1014,65,12620008,47,13524000,0.933156462585034,R
1015,68,13290504,45,14662500,0.9064282352941176,R
1016,61,18222,42,21000,0.8677142857142857,R
1017,109,14304,50,15000,0.9536,R
1018,27,6333,49,6375,0.9934117647058823,R
1019,99,1272084,50,1437500,0.884928,R
1020,53,1342,44,1500,0.8946666666666667,R
1021,10,74296,47,80000,0.9287,R
1022,52,1344,49,1500,0.896,R
1023,14,98660,42,108000,0.9135185185185185,R
1024,58,64818,50,68750,0.9428072727272727,R
1025,92,12683862,44,13455000,0.9426876254180602,R
1026,16,817880,51,821100,0.996078431372549,R
1027,93,7018,49,7500,0.9357333333333333,R
1028,24,16980,48,18000,0.9433333333333334,R
1029,62,10761534,43,11130000,0.9668943396226415,R
1030,66,2942,46,3000,0.9806666666666667,R
1031,25,131397,45,133875,0.9814901960784314,R
1032,28,144040,47,159375,0.9037803921568628,R
1033,3,155,51,300,0.5166666666666667,R
1034,60,5062277,50,5692500,0.8892888888888889,R
1035,101,14550,45,15000,0.97,R
1036,108,13356,42,15000,0.8904,R
1037,9,135324,48,148050,0.9140425531914894,R
1038,5,150654,47,182700,0.8245977011494253,R
1039,100,6262,48,7500,0.8349333333333333,R
1040,1,1380,42,1500,0.92,R
1041,8,618240,45,619500,0.9979661016949153,R
1042,90,5636676,48,6375000,0.8841844705882353,R
1043,15,2868,50,3000,0.956,R
1044,91,6550,45,7500,0.8733333333333333,R
1045,98,8796648,42,9750000,0.9022203076923077,R
1046,17,1216677,43,2125200,0.5725,R
1047,51,4787,48,5250,0.9118095238095238,R
1048,13,1049936,46,1180000,0.8897762711864406,R
1049,50,127358,45,132000,0.9648333333333333,R
1050,59,276350,42,300000,0.9211666666666667,R
1051,51,4759,51,5250,0.9064761904761904,R
1052,92,12616470,42,13455000,0.9376789297658863,R
1053,96,6976,47,7500,0.9301333333333334,R
1054,90,5675232,51,6375000,0.8902324705882353,R
1055,53,1352,42,1500,0.9013333333333333,R
1056,15,2868,49,3000,0.956,R
1057,57,3131,47,3750,0.8349333333333333,R
1058,14,102440,44,108000,0.9485185185185185,R
1059,19,3468,46,5000,0.6936,R
1060,60,4933937,49,5692500,0.8667434343434344,R
1061,26,1332,42,1500,0.888,R
1062,9,141246,51,148050,0.9540425531914893,R
1063,22,624,47,750,0.832,R
1064,100,6330,51,7500,0.844,R
1065,61,18285,44,21000,0.8707142857142857,R
1066,68,13317483,43,14662500,0.9082682352941176,R
1067,24,16932,51,18000,0.9406666666666667,R
1068,2,1088,45,1200,0.9066666666666666,R
1069,102,14918588,42,16065000,0.9286391534391535,R
1070,106,14014,47,15000,0.9342666666666667,R
1071,3,167,48,300,0.5566666666666666,R
1072,13,1097136,47,1180000,0.9297762711864407,R
1073,51,4794,49,5250,0.9131428571428571,R
1074,17,1177715,42,2125200,0.5541666666666667,R
1075,50,127358,44,132000,0.9648333333333333,R
1076,59,273000,43,300000,0.91,R
1077,15,2748,51,3000,0.916,R
1078,90,5628720,49,6375000,0.8829364705882353,R
1079,91,6544,44,7500,0.8725333333333334,R
1080,98,8752656,43,9750000,0.8977083076923077,R
1081,9,141246,49,148050,0.9540425531914893,R
1082,101,14562,44,15000,0.9708,R
1083,108,13428,43,15000,0.8952,R
1084,60,4975337,51,5692500,0.8740161616161616,R
1085,1,1400,43,1500,0.9333333333333333,R
1086,8,618240,44,619500,0.9979661016949153,R
1087,5,150654,46,182700,0.8245977011494253,R
1088,100,6280,49,7500,0.8373333333333334,R
1089,66,2942,47,3000,0.9806666666666667,R
1090,62,10724805,42,11130000,0.9635943396226415,R
1091,24,16916,49,18000,0.9397777777777778,R
1092,28,139960,46,159375,0.8781803921568627,R
1093,3,155,50,300,0.5166666666666667,R
1094,25,131397,44,133875,0.9814901960784314,R
1095,2,1056,44,1200,0.88,R
1096,24,16628,50,18000,0.9237777777777778,R
1097,106,13972,46,15000,0.9314666666666667,R
1098,3,167,49,300,0.5566666666666666,R
1099,102,14863508,43,16065000,0.925210582010582,R
1100,9,141246,50,148050,0.9540425531914893,R
1101,22,626,46,750,0.8346666666666667,R
1102,26,1284,43,1500,0.856,R
1103,60,4967057,48,5692500,0.8725616161616162,R
1104,61,18243,45,21000,0.8687142857142857,R
1105,68,13227162,42,14662500,0.9021082352941177,R
1106,100,6310,50,7500,0.8413333333333334,R
1107,57,3146,46,3750,0.8389333333333333,R
1108,15,2868,48,3000,0.956,R
1109,90,5662788,50,6375000,0.8882804705882353,R
1110,53,1330,43,1500,0.8866666666666667,R
1111,19,3272,47,5000,0.6544,R
1112,14,101144,45,108000,0.9365185185185185,R
1113,96,7048,46,7500,0.9397333333333333,R
1114,51,4710,50,5250,0.8971428571428571,R
1115,92,12666078,43,13455000,0.9413658862876254,R
1116,23,2883342,48,3139500,0.9184080267558529,R
1117,65,12741724,43,13524000,0.942156462585034,R
1118,61,18222,46,21000,0.8677142857142857,R
1119,22,626,45,750,0.8346666666666667,R
1120,4,256,51,300,0.8533333333333334,R
1121,67,2818,50,3000,0.9393333333333334,R
1122,106,14010,45,15000,0.934,R
1123,29,183148,51,192500,0.9514181818181818,R
1124,107,249764,48,250000,0.999056,R
1125,2,1056,47,1200,0.88,R
1126,6,276,42,300,0.92,R
1127,97,6548,48,7500,0.8730666666666667,R
1128,12,672,50,750,0.896,R
1129,96,7090,45,7500,0.9453333333333334,R
1130,10,76984,43,80000,0.9623,R
1131,19,3272,44,5000,0.6544,R
1132,56,1316,48,1500,0.8773333333333333,R
1133,14,94340,46,108000,0.8735185185185185,R
1134,57,3071,45,3750,0.8189333333333333,R
1135,18,16410,49,16500,0.9945454545454545,R
1136,95,31281625,42,34781250,0.8993818508535489,R
1137,56,1322,51,1500,0.8813333333333333,R
1138,91,6550,47,7500,0.8733333333333333,R
1139,18,16410,50,16500,0.9945454545454545,R
1140,54,1170,42,1500,0.78,R
1141,97,6564,51,7500,0.8752,R
1142,12,672,49,750,0.896,R
1143,50,129470,47,132000,0.9808333333333333,R
1144,13,1097136,44,1180000,0.9297762711864407,R
1145,67,2838,49,3000,0.946,R
1146,21,2229,42,2625,0.8491428571428571,R
1147,28,136900,45,159375,0.8589803921568627,R
1148,25,131397,47,133875,0.9814901960784314,R
1149,29,176988,48,192500,0.9194181818181818,R
1150,107,249764,51,250000,0.999056,R
1151,66,2942,44,3000,0.9806666666666667,R
1152,8,618240,47,619500,0.9979661016949153,R
1153,23,2920470,51,3139500,0.9302341137123746,R
1154,5,158658,45,182700,0.8684072249589491,R
1155,105,13466,42,15000,0.8977333333333334,R
1156,4,240,48,300,0.8,R
1157,101,14550,47,15000,0.97,R
1158,14,101144,47,108000,0.9365185185185185,R
1159,56,1322,49,1500,0.8813333333333333,R
1160,10,74744,42,80000,0.9343,R
1161,19,3172,45,5000,0.6344,R
1162,18,16410,48,16500,0.9945454545454545,R
1163,57,3096,44,3750,0.8256,R
1164,12,672,51,750,0.896,R
1165,97,6502,49,7500,0.8669333333333333,R
1166,96,6984,44,7500,0.9312,R
1167,106,14050,44,15000,0.9366666666666666,R
1168,67,2842,51,3000,0.9473333333333334,R
1169,6,278,43,300,0.9266666666666666,R
1170,107,249764,49,250000,0.999056,R
1171,29,180068,50,192500,0.9354181818181818,R
1172,2,1120,46,1200,0.9333333333333333,R
1173,61,18243,47,21000,0.8687142857142857,R
1174,65,12444196,42,13524000,0.920156462585034,R
1175,23,2924838,49,3139500,0.9316254180602007,R
1176,4,242,50,300,0.8066666666666666,R
1177,22,616,44,750,0.8213333333333334,R
1178,5,165270,44,182700,0.9045977011494253,R
1179,8,618240,46,619500,0.9979661016949153,R
1180,23,2883342,50,3139500,0.9184080267558529,R
1181,4,266,49,300,0.8866666666666667,R
1182,101,14562,46,15000,0.9708,R
1183,105,13460,43,15000,0.8973333333333333,R
1184,25,131397,46,133875,0.9814901960784314,R
1185,21,2117,43,2625,0.8064761904761905,R
1186,28,140317,44,159375,0.8804203921568627,R
1187,67,2784,48,3000,0.928,R
1188,66,2942,45,3000,0.9806666666666667,R
1189,107,249764,50,250000,0.999056,R
1190,29,180068,49,192500,0.9354181818181818,R
1191,50,128414,46,132000,0.9728333333333333,R
1192,12,672,48,750,0.896,R
1193,54,1170,43,1500,0.78,R
1194,97,6512,50,7500,0.8682666666666666,R
1195,13,1049936,45,1180000,0.8897762711864406,R
1196,91,6544,46,7500,0.8725333333333334,R
1197,95,31256450,43,34781250,0.8986580413297395,R
1198,56,1330,50,1500,0.8866666666666667,R
1199,18,16410,51,16500,0.9945454545454545,R
