,instance,SA-R,seed,SA-C,instance_size
0,4,0.3933333333333333,51,0.3933333333333333,10 jobs
1,109,0.4382666666666667,42,0.4421333333333333,500 jobs
2,8,0.8694915254237288,48,0.8694915254237288,10 jobs
3,35,0.31940456182472987,45,0.3212869147659064,25 jobs
4,82,0.42373333333333335,45,0.4242666666666667,250 jobs
5,1,0.692,50,0.692,10 jobs
6,48,0.5692538775510204,47,0.5663542857142857,50 jobs
7,30,0.6079387234042554,44,0.6079387234042554,25 jobs
8,87,0.4925333333333333,44,0.4901333333333333,250 jobs
9,71,0.528,48,0.528,100 jobs
10,111,0.7181960784313726,44,0.720392156862745,500 jobs
11,47,0.6421508704061896,44,0.6331295938104449,50 jobs
12,88,0.4437253384912959,47,0.4506065764023211,250 jobs
13,74,0.66475,49,0.6590833333333334,100 jobs
14,42,0.66,45,0.66,50 jobs
15,114,0.48166588235294117,45,0.4796235294117647,500 jobs
16,78,0.35733333333333334,50,0.36133333333333334,100 jobs
17,28,0.47445333333333334,42,0.47445333333333334,25 jobs
18,63,0.4444808080808081,46,0.4508121212121212,100 jobs
19,71,0.528,42,0.528,100 jobs
20,21,0.49142857142857144,50,0.49142857142857144,25 jobs
21,96,0.6434666666666666,50,0.6410666666666667,250 jobs
22,28,0.47445333333333334,48,0.47445333333333334,25 jobs
23,66,0.8006666666666666,47,0.8006666666666666,100 jobs
24,74,0.6620833333333334,43,0.6590833333333334,100 jobs
25,24,0.6143333333333333,51,0.6143333333333333,25 jobs
26,93,0.43653333333333333,51,0.43653333333333333,250 jobs
27,11,0.6293333333333333,47,0.6293333333333333,10 jobs
28,8,0.8694915254237288,42,0.8694915254237288,10 jobs
29,53,0.564,51,0.564,50 jobs
30,105,0.6593333333333333,51,0.6606666666666666,500 jobs
31,69,0.5433723076923077,44,0.5472123076923077,100 jobs
32,109,0.4417333333333333,48,0.4417333333333333,500 jobs
33,14,0.5788148148148148,46,0.5788148148148148,10 jobs
34,100,0.4584,50,0.4594666666666667,250 jobs
35,56,0.49333333333333335,50,0.49333333333333335,50 jobs
36,20,0.45724933451641525,42,0.45724933451641525,10 jobs
37,85,0.6218666666666667,46,0.6165333333333334,250 jobs
38,97,0.39386666666666664,42,0.3933333333333333,250 jobs
39,32,0.5173333333333333,46,0.5173333333333333,25 jobs
40,70,0.6494215384615385,50,0.6459292307692308,100 jobs
41,119,0.6493333333333333,44,0.6462666666666667,500 jobs
42,79,0.6644930612244898,48,0.6647330612244898,100 jobs
43,25,0.49207843137254903,43,0.49207843137254903,25 jobs
44,80,0.4677129411764706,47,0.46445333333333333,100 jobs
45,92,0.4231946488294314,43,0.41917591973244145,250 jobs
46,37,0.91488,47,0.91488,25 jobs
47,75,0.47699607843137254,51,0.47699607843137254,100 jobs
48,116,0.4262666666666667,47,0.428,500 jobs
49,40,0.5672738461538461,47,0.5643815384615385,25 jobs
50,52,0.5906666666666667,43,0.592,50 jobs
51,104,0.41906666666666664,43,0.41973333333333335,500 jobs
52,9,0.8280851063829787,50,0.8280851063829787,10 jobs
53,38,0.5775261538461538,44,0.5774892307692308,25 jobs
54,5,0.3974712643678161,49,0.3974712643678161,10 jobs
55,45,0.7044332015810276,46,0.7060332015810277,50 jobs
56,113,0.49506666666666665,46,0.49466666666666664,500 jobs
57,101,0.44866666666666666,42,0.44906666666666667,500 jobs
58,57,0.5477333333333333,42,0.5477333333333333,50 jobs
59,108,0.49133333333333334,50,0.48533333333333334,500 jobs
60,5,0.3974712643678161,43,0.3974712643678161,10 jobs
61,104,0.41946666666666665,49,0.4184,500 jobs
62,52,0.5906666666666667,49,0.5906666666666667,50 jobs
63,64,0.5771742424242424,45,0.5775075757575757,100 jobs
64,19,0.5304,47,0.5304,10 jobs
65,57,0.5477333333333333,48,0.5477333333333333,50 jobs
66,101,0.4493333333333333,48,0.44653333333333334,500 jobs
67,61,0.5,44,0.5028571428571429,100 jobs
68,20,0.45724933451641525,48,0.45724933451641525,10 jobs
69,97,0.3912,48,0.39013333333333333,250 jobs
70,16,0.7858823529411765,44,0.7858823529411765,10 jobs
71,25,0.49207843137254903,49,0.49207843137254903,25 jobs
72,92,0.41913311036789297,49,0.42147157190635454,250 jobs
73,13,0.6083254237288136,45,0.6083254237288136,10 jobs
74,29,0.6932363636363637,50,0.6926545454545454,25 jobs
75,79,0.6648130612244898,42,0.6648930612244898,100 jobs
76,69,0.5524246153846154,49,0.5519538461538461,100 jobs
77,109,0.4417333333333333,45,0.44026666666666664,500 jobs
78,65,0.6232448979591837,50,0.620921768707483,100 jobs
79,90,0.5609141960784314,46,0.5669389803921568,250 jobs
80,35,0.3212581032412965,42,0.31940456182472987,25 jobs
81,27,0.7880784313725491,46,0.7880784313725491,25 jobs
82,82,0.42346666666666666,42,0.42506666666666665,250 jobs
83,60,0.6448484848484849,51,0.6529858585858586,50 jobs
84,95,0.6857667565139264,47,0.6876988319856244,250 jobs
85,30,0.6079387234042554,43,0.6079387234042554,25 jobs
86,22,0.48533333333333334,47,0.48533333333333334,25 jobs
87,87,0.49173333333333336,43,0.4925333333333333,250 jobs
88,17,0.45175324675324674,51,0.45175324675324674,10 jobs
89,55,0.7631020408163265,47,0.7666938775510204,50 jobs
90,103,0.6172414117647059,47,0.6130089411764705,500 jobs
91,111,0.7163294117647059,43,0.7188862745098039,500 jobs
92,47,0.6421508704061896,43,0.6331295938104449,50 jobs
93,12,0.576,50,0.576,10 jobs
94,106,0.5614666666666667,46,0.5614666666666667,500 jobs
95,50,0.5561666666666667,46,0.54,50 jobs
96,42,0.66,42,0.66,50 jobs
97,114,0.49014588235294115,42,0.48092705882352943,500 jobs
98,28,0.47445333333333334,45,0.47445333333333334,25 jobs
99,2,0.7016666666666667,47,0.7016666666666667,10 jobs
100,71,0.528,45,0.528,100 jobs
101,47,0.6421508704061896,49,0.6331295938104449,50 jobs
102,111,0.7173725490196079,49,0.7158823529411765,500 jobs
103,7,0.8538092147955872,46,0.8538092147955872,10 jobs
104,118,0.4925333333333333,51,0.4936,500 jobs
105,74,0.6614166666666667,44,0.6590833333333334,100 jobs
106,114,0.48250039215686275,48,0.4875701960784314,500 jobs
107,42,0.66,48,0.66,50 jobs
108,8,0.8694915254237288,45,0.8694915254237288,10 jobs
109,35,0.31940456182472987,48,0.3212869147659064,25 jobs
110,82,0.42293333333333333,48,0.42346666666666666,250 jobs
111,69,0.5491692307692307,43,0.5551476923076923,100 jobs
112,39,0.7305515151515152,51,0.7305515151515152,25 jobs
113,30,0.6079387234042554,49,0.6079387234042554,25 jobs
114,87,0.49866666666666665,49,0.49466666666666664,250 jobs
115,58,0.670749090909091,46,0.670749090909091,50 jobs
116,20,0.45724933451641525,45,0.45724933451641525,10 jobs
117,97,0.3930666666666667,45,0.3928,250 jobs
118,16,0.7858823529411765,49,0.7858823529411765,10 jobs
119,119,0.6457333333333334,43,0.6421333333333333,500 jobs
120,25,0.49207843137254903,44,0.49207843137254903,25 jobs
121,92,0.4197484949832776,44,0.43114515050167224,250 jobs
122,13,0.6083254237288136,48,0.5843389830508474,10 jobs
123,52,0.5906666666666667,44,0.5906666666666667,50 jobs
124,104,0.42013333333333336,44,0.4204,500 jobs
125,64,0.5760075757575758,48,0.5760909090909091,100 jobs
126,38,0.5798892307692308,43,0.5757538461538462,25 jobs
127,68,0.7440298039215686,51,0.7426886274509804,100 jobs
128,101,0.44453333333333334,45,0.44853333333333334,500 jobs
129,57,0.5477333333333333,45,0.5472,50 jobs
130,61,0.5022857142857143,49,0.5022857142857143,100 jobs
131,98,0.5035261538461538,46,0.5130929230769231,250 jobs
132,38,0.5696492307692308,49,0.5823507692307692,25 jobs
133,5,0.3974712643678161,44,0.3974712643678161,10 jobs
134,34,0.6932622222222222,50,0.6996622222222222,25 jobs
135,83,0.6816,50,0.6816,250 jobs
136,76,0.6666666666666666,46,0.6666666666666666,100 jobs
137,120,0.5024210196078431,46,0.5014061176470588,500 jobs
138,64,0.5768409090909091,42,0.5767575757575758,100 jobs
139,31,0.5189333333333334,51,0.5189333333333334,25 jobs
140,86,0.6325333333333333,51,0.6322666666666666,250 jobs
141,73,0.5726666666666667,47,0.5746666666666667,100 jobs
142,61,0.49942857142857144,43,0.49714285714285716,100 jobs
143,110,0.6541415849056603,51,0.6527281509433962,500 jobs
144,46,0.5901333333333333,51,0.5901333333333333,50 jobs
145,16,0.7858823529411765,43,0.7858823529411765,10 jobs
146,43,0.56,50,0.56,50 jobs
147,115,0.6156,50,0.6164,500 jobs
148,13,0.5843389830508474,42,0.5843389830508474,10 jobs
149,119,0.6476,49,0.6462666666666667,500 jobs
150,79,0.6648930612244898,45,0.6649730612244898,100 jobs
151,8,0.8694915254237288,46,0.8694915254237288,10 jobs
152,11,0.6293333333333333,43,0.6293333333333333,10 jobs
153,41,0.5148571428571429,51,0.5148571428571429,50 jobs
154,117,0.7134666666666667,51,0.714,500 jobs
155,48,0.5525289795918368,49,0.556450612244898,50 jobs
156,14,0.5788148148148148,42,0.5788148148148148,10 jobs
157,112,0.33386666666666664,50,0.328,500 jobs
158,44,0.5450066666666666,50,0.5450066666666666,50 jobs
159,63,0.4525777777777778,42,0.44136969696969697,100 jobs
160,71,0.528,46,0.528,100 jobs
161,84,0.7045919863597613,50,0.7021763000852514,250 jobs
162,33,0.4938867924528302,50,0.49645283018867925,25 jobs
163,2,0.7016666666666667,44,0.7016666666666667,10 jobs
164,88,0.44539497098646036,49,0.4405926499032882,250 jobs
165,66,0.8006666666666666,43,0.8006666666666666,100 jobs
166,74,0.6633333333333333,47,0.6655,100 jobs
167,81,0.384,51,0.38693333333333335,250 jobs
168,36,0.56,51,0.56,25 jobs
169,7,0.8538092147955872,45,0.8538092147955872,10 jobs
170,88,0.4448286266924565,43,0.445268085106383,250 jobs
171,63,0.46246868686868686,48,0.44954747474747475,100 jobs
172,103,0.6126569411764706,44,0.610475294117647,500 jobs
173,55,0.7631020408163265,44,0.7631020408163265,50 jobs
174,28,0.47445333333333334,46,0.47445333333333334,25 jobs
175,66,0.8006666666666666,49,0.8006666666666666,100 jobs
176,50,0.5493333333333333,45,0.549,50 jobs
177,106,0.56,45,0.5601333333333334,500 jobs
178,11,0.6293333333333333,49,0.6293333333333333,10 jobs
179,90,0.5640125490196078,45,0.5636668235294118,250 jobs
180,27,0.7880784313725491,45,0.7880784313725491,25 jobs
181,109,0.4401333333333333,46,0.44293333333333335,500 jobs
182,14,0.5788148148148148,48,0.5788148148148148,10 jobs
183,95,0.687499730458221,44,0.6879827493261456,250 jobs
184,22,0.48533333333333334,44,0.48533333333333334,25 jobs
185,18,0.7363636363636363,51,0.7363636363636363,10 jobs
186,48,0.5696816326530613,43,0.5661387755102041,50 jobs
187,89,0.4672,51,0.4672,250 jobs
188,85,0.6202666666666666,48,0.6216,250 jobs
189,32,0.5173333333333333,48,0.5173333333333333,25 jobs
190,79,0.6646530612244897,46,0.6646530612244897,100 jobs
191,80,0.4660078431372549,49,0.475198431372549,100 jobs
192,37,0.91488,49,0.91488,25 jobs
193,116,0.428,49,0.42893333333333333,500 jobs
194,40,0.5643815384615385,49,0.5653538461538462,25 jobs
195,120,0.5036006274509804,45,0.5012260392156863,500 jobs
196,76,0.6666666666666666,45,0.6666666666666666,100 jobs
197,5,0.4242036124794745,47,0.3974712643678161,10 jobs
198,45,0.7042877470355732,48,0.6993422924901186,50 jobs
199,113,0.4941333333333333,48,0.4956,500 jobs
200,73,0.5713333333333334,44,0.574,100 jobs
201,49,0.62624,51,0.62384,50 jobs
202,19,0.5304,43,0.5304,10 jobs
203,40,0.5643815384615385,43,0.5653538461538462,25 jobs
204,116,0.4288,43,0.4265333333333333,500 jobs
205,104,0.4216,47,0.4162666666666667,500 jobs
206,52,0.592,47,0.5906666666666667,50 jobs
207,10,0.6372,51,0.6372,10 jobs
208,98,0.507744,45,0.5159372307692308,250 jobs
209,19,0.5304,49,0.5304,10 jobs
210,113,0.4945333333333333,42,0.4956,500 jobs
211,45,0.7057422924901186,42,0.6977422924901185,50 jobs
212,57,0.5512,46,0.5477333333333333,50 jobs
213,101,0.4484,46,0.4464,500 jobs
214,15,0.5526666666666666,50,0.5526666666666666,10 jobs
215,85,0.6213333333333333,42,0.6226666666666667,250 jobs
216,20,0.45724933451641525,46,0.45724933451641525,10 jobs
217,32,0.5173333333333333,42,0.5173333333333333,25 jobs
218,97,0.39413333333333334,46,0.38986666666666664,250 jobs
219,62,0.6450603773584905,50,0.643022641509434,100 jobs
220,58,0.670749090909091,45,0.670749090909091,50 jobs
221,80,0.46730196078431374,43,0.4826729411764706,100 jobs
222,25,0.49207843137254903,47,0.49207843137254903,25 jobs
223,37,0.91488,43,0.91488,25 jobs
224,92,0.4171612040133779,47,0.4192254180602007,250 jobs
225,67,0.462,51,0.46066666666666667,100 jobs
226,69,0.5500338461538462,47,0.5486461538461539,100 jobs
227,11,0.6293333333333333,44,0.6293333333333333,10 jobs
228,90,0.564651294117647,48,0.5675250196078432,250 jobs
229,27,0.7880784313725491,48,0.7880784313725491,25 jobs
230,99,0.655456,50,0.655744,250 jobs
231,14,0.5788148148148148,45,0.5788148148148148,10 jobs
232,95,0.6870469002695417,49,0.6898120395327942,250 jobs
233,22,0.48533333333333334,49,0.48533333333333334,25 jobs
234,63,0.4604969696969697,45,0.4510949494949495,100 jobs
235,55,0.7631020408163265,49,0.7666938775510204,50 jobs
236,103,0.6147444705882353,49,0.6109712941176471,500 jobs
237,2,0.7016666666666667,43,0.7016666666666667,10 jobs
238,59,0.569,50,0.5771666666666667,50 jobs
239,66,0.8006666666666666,44,0.8006666666666666,100 jobs
240,106,0.5613333333333334,48,0.5614666666666667,500 jobs
241,50,0.5601666666666667,48,0.5396666666666666,50 jobs
242,7,0.8538092147955872,42,0.8538092147955872,10 jobs
243,2,0.7016666666666667,49,0.7016666666666667,10 jobs
244,88,0.45101044487427466,44,0.4499667311411992,250 jobs
245,103,0.6143256470588235,43,0.6085110588235294,500 jobs
246,55,0.7631020408163265,43,0.7631020408163265,50 jobs
247,47,0.6331295938104449,47,0.6421508704061896,50 jobs
248,111,0.7178588235294118,47,0.7188705882352942,500 jobs
249,7,0.8538092147955872,48,0.8538092147955872,10 jobs
250,50,0.5628333333333333,42,0.5396666666666666,50 jobs
251,106,0.5609333333333333,42,0.5610666666666667,500 jobs
252,114,0.4854572549019608,46,0.48428392156862743,500 jobs
253,42,0.66,46,0.66,50 jobs
254,77,0.47733333333333333,50,0.47733333333333333,100 jobs
255,35,0.37431932773109244,46,0.3503193277310924,25 jobs
256,90,0.5685032156862745,42,0.5669973333333334,250 jobs
257,82,0.4248,46,0.42346666666666666,250 jobs
258,27,0.7880784313725491,42,0.7880784313725491,25 jobs
259,72,0.5086666666666667,51,0.5086666666666667,100 jobs
260,30,0.6079387234042554,47,0.6079387234042554,25 jobs
261,95,0.6889063791554357,43,0.6874091644204852,250 jobs
262,87,0.5026666666666667,47,0.4968,250 jobs
263,22,0.48533333333333334,43,0.48533333333333334,25 jobs
264,48,0.5569926530612245,44,0.5693322448979592,50 jobs
265,58,0.670749090909091,48,0.6706472727272728,50 jobs
266,102,0.4729777777777778,51,0.47416507936507934,500 jobs
267,54,0.4666666666666667,51,0.4666666666666667,50 jobs
268,16,0.7858823529411765,47,0.7858823529411765,10 jobs
269,51,0.6165714285714285,50,0.6165714285714285,50 jobs
270,107,0.74952,50,0.751696,500 jobs
271,13,0.5843389830508474,46,0.6083254237288136,10 jobs
272,91,0.5034666666666666,50,0.5018666666666667,250 jobs
273,26,0.5946666666666667,50,0.5946666666666667,25 jobs
274,120,0.504065568627451,42,0.5020618039215686,500 jobs
275,76,0.6666666666666666,42,0.6666666666666666,100 jobs
276,64,0.5771742424242424,46,0.5761742424242424,100 jobs
277,94,0.4981851428571429,51,0.4916982857142857,250 jobs
278,23,0.6390903010033445,51,0.6390903010033445,25 jobs
279,73,0.5733333333333334,43,0.5773333333333334,100 jobs
280,61,0.5011428571428571,47,0.49885714285714283,100 jobs
281,98,0.5073747692307692,48,0.5082227692307693,250 jobs
282,19,0.5304,44,0.5304,10 jobs
283,38,0.5774892307692308,47,0.5805784615384615,25 jobs
284,40,0.5672738461538461,44,0.5653538461538462,25 jobs
285,116,0.4266666666666667,44,0.4256,500 jobs
286,76,0.6666666666666666,48,0.6666666666666666,100 jobs
287,120,0.5059629803921568,48,0.5050450196078431,500 jobs
288,98,0.5069427692307692,42,0.5058227692307692,250 jobs
289,113,0.4956,45,0.49533333333333335,500 jobs
290,45,0.7153422924901186,45,0.7000695652173913,50 jobs
291,73,0.5713333333333334,49,0.572,100 jobs
292,85,0.624,45,0.6224,250 jobs
293,32,0.5173333333333333,45,0.5173333333333333,25 jobs
294,58,0.670749090909091,42,0.670749090909091,50 jobs
295,3,0.45,51,0.45,10 jobs
296,80,0.4709113725490196,44,0.46837960784313726,100 jobs
297,37,0.91488,44,0.91488,25 jobs
298,119,0.6477333333333334,47,0.6456,500 jobs
299,6,0.6733333333333333,50,0.6733333333333333,10 jobs
300,98,0.507307076923077,43,0.5102055384615385,250 jobs
301,45,0.701906719367589,44,0.7003067193675889,50 jobs
302,113,0.49346666666666666,44,0.49493333333333334,500 jobs
303,73,0.574,48,0.576,100 jobs
304,38,0.5783507692307692,46,0.5823507692307692,25 jobs
305,116,0.43093333333333333,45,0.4292,500 jobs
306,40,0.5643815384615385,45,0.5653538461538462,25 jobs
307,120,0.5049634509803922,49,0.5018886274509804,500 jobs
308,76,0.6666666666666666,49,0.6666666666666666,100 jobs
309,37,0.91488,45,0.91488,25 jobs
310,80,0.4650164705882353,45,0.4790478431372549,100 jobs
311,119,0.6478666666666667,46,0.6473333333333333,500 jobs
312,6,0.6733333333333333,51,0.6733333333333333,10 jobs
313,32,0.5173333333333333,44,0.5173333333333333,25 jobs
314,85,0.6229333333333333,44,0.6258666666666667,250 jobs
315,58,0.670749090909091,43,0.670749090909091,50 jobs
316,3,0.45,50,0.45,10 jobs
317,107,0.750576,51,0.751488,500 jobs
318,51,0.6165714285714285,51,0.6165714285714285,50 jobs
319,13,0.6083254237288136,47,0.6083254237288136,10 jobs
320,58,0.670749090909091,49,0.670749090909091,50 jobs
321,54,0.4666666666666667,50,0.4666666666666667,50 jobs
322,102,0.4738222222222222,50,0.4729333333333333,500 jobs
323,16,0.7858823529411765,46,0.7858823529411765,10 jobs
324,23,0.6527224080267559,50,0.6390903010033445,25 jobs
325,94,0.48530742857142856,50,0.4878308571428571,250 jobs
326,61,0.5,46,0.5005714285714286,100 jobs
327,73,0.572,42,0.574,100 jobs
328,98,0.5102387692307693,49,0.5121464615384616,250 jobs
329,19,0.5304,45,0.5304,10 jobs
330,26,0.5946666666666667,51,0.5946666666666667,25 jobs
331,91,0.5013333333333333,51,0.5016,250 jobs
332,64,0.5807575757575758,47,0.5766742424242425,100 jobs
333,76,0.6666666666666666,43,0.6666666666666666,100 jobs
334,120,0.5026443921568627,43,0.5019052549019608,500 jobs
335,7,0.8538092147955872,49,0.8538092147955872,10 jobs
336,42,0.66,47,0.66,50 jobs
337,114,0.4823074509803922,47,0.4797254901960784,500 jobs
338,106,0.5616,43,0.5604,500 jobs
339,50,0.5435,43,0.557,50 jobs
340,2,0.7016666666666667,48,0.7016666666666667,10 jobs
341,88,0.45024835589941975,45,0.45153423597678916,250 jobs
342,111,0.7199843137254902,46,0.7192235294117647,500 jobs
343,47,0.6421508704061896,46,0.6331295938104449,50 jobs
344,55,0.7631020408163265,42,0.7631020408163265,50 jobs
345,103,0.6187727058823529,42,0.6159369411764706,500 jobs
346,72,0.5086666666666667,50,0.5086666666666667,100 jobs
347,22,0.48533333333333334,42,0.48533333333333334,25 jobs
348,87,0.4962666666666667,46,0.4912,250 jobs
349,95,0.686247619047619,42,0.6870469002695417,250 jobs
350,30,0.6079387234042554,46,0.6079387234042554,25 jobs
351,48,0.577149387755102,45,0.5501681632653062,50 jobs
352,77,0.4746666666666667,51,0.47733333333333333,100 jobs
353,27,0.7880784313725491,43,0.7880784313725491,25 jobs
354,82,0.42346666666666666,47,0.4242666666666667,250 jobs
355,90,0.566804705882353,43,0.5681436862745098,250 jobs
356,35,0.3337719087635054,47,0.3212869147659064,25 jobs
357,99,0.65888,51,0.653888,250 jobs
358,14,0.5788148148148148,44,0.5788148148148148,10 jobs
359,22,0.48533333333333334,48,0.48533333333333334,25 jobs
360,95,0.6886929020664869,48,0.6869865229110512,250 jobs
361,69,0.5440707692307692,46,0.5479015384615384,100 jobs
362,11,0.6293333333333333,45,0.6293333333333333,10 jobs
363,27,0.7880784313725491,49,0.7880784313725491,25 jobs
364,90,0.5650823529411765,49,0.5651068235294118,250 jobs
365,66,0.8006666666666666,45,0.8006666666666666,100 jobs
366,50,0.562,49,0.54,50 jobs
367,106,0.562,49,0.5601333333333334,500 jobs
368,7,0.8538092147955872,43,0.8538092147955872,10 jobs
369,63,0.46362424242424244,44,0.4431151515151515,100 jobs
370,103,0.6161214117647059,48,0.6102230588235295,500 jobs
371,55,0.7631020408163265,48,0.7631020408163265,50 jobs
372,2,0.7016666666666667,42,0.7016666666666667,10 jobs
373,59,0.5803333333333334,51,0.5776666666666667,50 jobs
374,98,0.5069292307692308,44,0.5076147692307692,250 jobs
375,19,0.5304,48,0.5304,10 jobs
376,101,0.4457333333333333,47,0.4468,500 jobs
377,57,0.5477333333333333,47,0.5477333333333333,50 jobs
378,45,0.7120885375494072,43,0.7012332015810276,50 jobs
379,113,0.49333333333333335,43,0.49506666666666665,500 jobs
380,15,0.5526666666666666,51,0.5526666666666666,10 jobs
381,52,0.592,46,0.5906666666666667,50 jobs
382,104,0.42013333333333336,46,0.4168,500 jobs
383,116,0.4281333333333333,42,0.42546666666666666,500 jobs
384,40,0.5643815384615385,42,0.5653538461538462,25 jobs
385,10,0.6372,50,0.6372,10 jobs
386,92,0.4212749163879599,46,0.42183277591973245,250 jobs
387,37,0.91488,42,0.91488,25 jobs
388,25,0.49207843137254903,46,0.49207843137254903,25 jobs
389,80,0.4669678431372549,42,0.47101176470588235,100 jobs
390,67,0.462,50,0.456,100 jobs
391,97,0.39386666666666664,47,0.3936,250 jobs
392,32,0.5173333333333333,43,0.5173333333333333,25 jobs
393,20,0.45724933451641525,47,0.45724933451641525,10 jobs
394,85,0.6258666666666667,43,0.6178666666666667,250 jobs
395,62,0.6429471698113207,51,0.6491018867924528,100 jobs
396,58,0.670749090909091,44,0.670749090909091,50 jobs
397,79,0.6646530612244897,47,0.6646530612244897,100 jobs
398,37,0.91488,48,0.91488,25 jobs
399,80,0.46759372549019607,48,0.46734588235294117,100 jobs
400,89,0.4672,50,0.4672,250 jobs
401,32,0.5173333333333333,49,0.5173333333333333,25 jobs
402,85,0.6186666666666667,49,0.6194666666666667,250 jobs
403,113,0.4938666666666667,49,0.4941333333333333,500 jobs
404,45,0.693906719367589,49,0.7014703557312253,50 jobs
405,73,0.574,45,0.57,100 jobs
406,49,0.62608,50,0.62496,50 jobs
407,19,0.5304,42,0.5304,10 jobs
408,40,0.5643815384615385,48,0.5643815384615385,25 jobs
409,116,0.42586666666666667,48,0.4282666666666667,500 jobs
410,76,0.6666666666666666,44,0.6666666666666666,100 jobs
411,120,0.503153568627451,44,0.5024357647058824,500 jobs
412,5,0.44489326765188836,46,0.3974712643678161,10 jobs
413,28,0.47445333333333334,47,0.47445333333333334,25 jobs
414,66,0.8006666666666666,48,0.8006666666666666,100 jobs
415,106,0.5610666666666667,44,0.5612,500 jobs
416,50,0.569,44,0.5433333333333333,50 jobs
417,88,0.44596441005802706,42,0.4446947775628627,250 jobs
418,63,0.45696969696969697,49,0.4432929292929293,100 jobs
419,55,0.7666938775510204,45,0.7666938775510204,50 jobs
420,103,0.6087887058823529,45,0.60712,500 jobs
421,14,0.5788148148148148,49,0.5788148148148148,10 jobs
422,22,0.48533333333333334,45,0.48533333333333334,25 jobs
423,95,0.6881035040431267,45,0.6885441150044923,250 jobs
424,18,0.7363636363636363,50,0.7363636363636363,10 jobs
425,48,0.5493681632653061,42,0.5595428571428571,50 jobs
426,11,0.6293333333333333,48,0.6293333333333333,10 jobs
427,27,0.7880784313725491,44,0.7880784313725491,25 jobs
428,90,0.5639554509803921,44,0.5713217254901961,250 jobs
429,109,0.4417333333333333,47,0.4428,500 jobs
430,48,0.5597126530612245,48,0.5449763265306122,50 jobs
431,14,0.5788148148148148,43,0.5788148148148148,10 jobs
432,44,0.5450066666666666,51,0.5450066666666666,50 jobs
433,112,0.32453333333333334,51,0.334,500 jobs
434,11,0.6293333333333333,42,0.6293333333333333,10 jobs
435,8,0.8694915254237288,47,0.8694915254237288,10 jobs
436,117,0.7145333333333334,50,0.7148,500 jobs
437,41,0.5148571428571429,50,0.5148571428571429,50 jobs
438,74,0.6609166666666667,46,0.6605,100 jobs
439,66,0.8006666666666666,42,0.8006666666666666,100 jobs
440,36,0.56,50,0.56,25 jobs
441,81,0.392,50,0.3856,250 jobs
442,7,0.8538092147955872,44,0.8538092147955872,10 jobs
443,71,0.528,47,0.528,100 jobs
444,63,0.46508686868686866,43,0.45209292929292927,100 jobs
445,33,0.4938867924528302,51,0.49645283018867925,25 jobs
446,84,0.7046997442455243,51,0.7049705029838023,250 jobs
447,2,0.7016666666666667,45,0.7016666666666667,10 jobs
448,88,0.44997911025145065,48,0.45087272727272726,250 jobs
449,86,0.6333333333333333,50,0.632,250 jobs
450,31,0.5189333333333334,50,0.5189333333333334,25 jobs
451,61,0.4977142857142857,42,0.4977142857142857,100 jobs
452,73,0.574,46,0.5706666666666667,100 jobs
453,38,0.5836184615384615,48,0.5757538461538462,25 jobs
454,5,0.42229885057471267,45,0.3974712643678161,10 jobs
455,83,0.6824,51,0.6856,250 jobs
456,34,0.6932622222222222,51,0.6996622222222222,25 jobs
457,64,0.577590909090909,43,0.5745075757575757,100 jobs
458,120,0.5044009411764706,47,0.5022550588235294,500 jobs
459,76,0.6666666666666666,47,0.6666666666666666,100 jobs
460,115,0.6156,51,0.6145333333333334,500 jobs
461,43,0.56,51,0.56,50 jobs
462,13,0.6083254237288136,43,0.5843389830508474,10 jobs
463,119,0.6478666666666667,48,0.648,500 jobs
464,79,0.6652130612244898,44,0.6648930612244898,100 jobs
465,46,0.5901333333333333,50,0.5901333333333333,50 jobs
466,110,0.6542261132075472,50,0.6533225660377359,500 jobs
467,16,0.7858823529411765,42,0.7858823529411765,10 jobs
468,119,0.6474666666666666,42,0.6436,500 jobs
469,92,0.42127892976588627,45,0.41945284280936457,250 jobs
470,25,0.49207843137254903,45,0.49207843137254903,25 jobs
471,13,0.5843389830508474,49,0.5843389830508474,10 jobs
472,58,0.6690472727272727,47,0.670749090909091,50 jobs
473,97,0.3944,44,0.39413333333333334,250 jobs
474,20,0.45724933451641525,44,0.45724933451641525,10 jobs
475,16,0.7858823529411765,48,0.7858823529411765,10 jobs
476,57,0.5512,44,0.5490666666666667,50 jobs
477,101,0.44866666666666666,44,0.44693333333333335,500 jobs
478,61,0.5034285714285714,48,0.5,100 jobs
479,98,0.5100566153846153,47,0.5082929230769231,250 jobs
480,104,0.41986666666666667,45,0.41906666666666664,500 jobs
481,52,0.592,45,0.5906666666666667,50 jobs
482,64,0.5771742424242424,49,0.5761742424242424,100 jobs
483,38,0.5941292307692307,42,0.5757538461538462,25 jobs
484,68,0.7458572549019608,50,0.7422086274509804,100 jobs
485,7,0.8538092147955872,47,0.8538092147955872,10 jobs
486,118,0.4922666666666667,50,0.4936,500 jobs
487,74,0.664,45,0.66125,100 jobs
488,42,0.6613333333333333,49,0.6613333333333333,50 jobs
489,114,0.4862180392156863,49,0.48026823529411766,500 jobs
490,2,0.7016666666666667,46,0.7016666666666667,10 jobs
491,71,0.528,44,0.528,100 jobs
492,111,0.717113725490196,48,0.7169490196078432,500 jobs
493,47,0.6331295938104449,48,0.6421508704061896,50 jobs
494,87,0.49893333333333334,48,0.4936,250 jobs
495,30,0.6079387234042554,48,0.6079387234042554,25 jobs
496,8,0.8694915254237288,44,0.8694915254237288,10 jobs
497,82,0.42346666666666666,49,0.42373333333333335,250 jobs
498,35,0.33113085234093637,49,0.33246578631452584,25 jobs
499,69,0.5556215384615385,42,0.5441692307692307,100 jobs
500,39,0.7305515151515152,50,0.7305515151515152,25 jobs
501,60,0.6445777777777778,50,0.6468767676767677,50 jobs
502,87,0.49573333333333336,42,0.49706666666666666,250 jobs
503,22,0.48533333333333334,46,0.48533333333333334,25 jobs
504,30,0.6079387234042554,42,0.6079387234042554,25 jobs
505,95,0.6865940700808625,46,0.6882242587601078,250 jobs
506,69,0.5533353846153846,48,0.5453753846153846,100 jobs
507,109,0.4417333333333333,44,0.44466666666666665,500 jobs
508,65,0.622812925170068,51,0.6177687074829932,100 jobs
509,82,0.424,43,0.424,250 jobs
510,27,0.7880784313725491,47,0.7880784313725491,25 jobs
511,35,0.31940456182472987,43,0.3212581032412965,25 jobs
512,90,0.5661829019607844,47,0.5663372549019607,250 jobs
513,12,0.576,51,0.576,10 jobs
514,114,0.4851827450980392,43,0.48378196078431374,500 jobs
515,42,0.66,43,0.66,50 jobs
516,50,0.557,47,0.5435,50 jobs
517,106,0.5624,47,0.5613333333333334,500 jobs
518,28,0.47445333333333334,44,0.47445333333333334,25 jobs
519,17,0.45175324675324674,50,0.4603030303030303,10 jobs
520,47,0.6421508704061896,42,0.6331295938104449,50 jobs
521,111,0.7171764705882353,42,0.7176313725490197,500 jobs
522,103,0.6037449411764706,46,0.612928,500 jobs
523,55,0.7631020408163265,46,0.7631020408163265,50 jobs
524,19,0.5304,46,0.5304,10 jobs
525,101,0.44906666666666667,49,0.4493333333333333,500 jobs
526,57,0.5477333333333333,49,0.5477333333333333,50 jobs
527,61,0.5,45,0.5011428571428571,100 jobs
528,108,0.4898666666666667,51,0.4872,500 jobs
529,5,0.42229885057471267,42,0.3974712643678161,10 jobs
530,52,0.5906666666666667,48,0.5906666666666667,50 jobs
531,104,0.4202666666666667,48,0.4169333333333333,500 jobs
532,64,0.5772575757575757,44,0.5762575757575757,100 jobs
533,92,0.4199505016722408,48,0.419838127090301,250 jobs
534,25,0.49207843137254903,48,0.49207843137254903,25 jobs
535,13,0.6083254237288136,44,0.6083254237288136,10 jobs
536,29,0.6926545454545454,51,0.6926545454545454,25 jobs
537,79,0.6647330612244898,43,0.6649730612244898,100 jobs
538,97,0.39386666666666664,49,0.39413333333333334,250 jobs
539,20,0.45724933451641525,49,0.45724933451641525,10 jobs
540,16,0.7858823529411765,45,0.7858823529411765,10 jobs
541,119,0.6477333333333334,45,0.6477333333333334,500 jobs
542,79,0.6648930612244898,49,0.6647330612244898,100 jobs
543,37,0.91488,46,0.91488,25 jobs
544,92,0.41956923076923075,42,0.42306354515050165,250 jobs
545,80,0.4611576470588235,46,0.47244392156862747,100 jobs
546,25,0.49207843137254903,42,0.49207843137254903,25 jobs
547,75,0.47699607843137254,50,0.47699607843137254,100 jobs
548,32,0.5173333333333333,47,0.5173333333333333,25 jobs
549,97,0.3936,43,0.392,250 jobs
550,85,0.6248,47,0.6168,250 jobs
551,20,0.45724933451641525,43,0.45724933451641525,10 jobs
552,70,0.6443815384615385,51,0.6401538461538462,100 jobs
553,57,0.5477333333333333,43,0.544,50 jobs
554,101,0.4513333333333333,43,0.4493333333333333,500 jobs
555,113,0.4936,47,0.4944,500 jobs
556,45,0.7044332015810276,47,0.7061786561264822,50 jobs
557,104,0.41933333333333334,42,0.42,500 jobs
558,52,0.592,42,0.592,50 jobs
559,40,0.5653538461538462,46,0.5643815384615385,25 jobs
560,116,0.42906666666666665,46,0.42773333333333335,500 jobs
561,9,0.8280851063829787,51,0.8280851063829787,10 jobs
562,38,0.5853661538461539,45,0.5757538461538462,25 jobs
563,5,0.3974712643678161,48,0.3974712643678161,10 jobs
564,28,0.4790650980392157,49,0.47445333333333334,25 jobs
565,74,0.6590833333333334,42,0.6605,100 jobs
566,66,0.8006666666666666,46,0.8006666666666666,100 jobs
567,93,0.4381333333333333,50,0.4362666666666667,250 jobs
568,24,0.6143333333333333,50,0.6143333333333333,25 jobs
569,71,0.528,43,0.528,100 jobs
570,63,0.45144242424242426,47,0.4575959595959596,100 jobs
571,96,0.6416,51,0.6402666666666667,250 jobs
572,21,0.49142857142857144,51,0.49142857142857144,25 jobs
573,14,0.5788148148148148,47,0.5788148148148148,10 jobs
574,56,0.49333333333333335,51,0.49333333333333335,50 jobs
575,100,0.45893333333333336,51,0.4570666666666667,250 jobs
576,8,0.8694915254237288,43,0.8694915254237288,10 jobs
577,11,0.6293333333333333,46,0.6293333333333333,10 jobs
578,105,0.6587333333333333,50,0.6588,500 jobs
579,53,0.564,50,0.564,50 jobs
580,69,0.5494,45,0.5454861538461538,100 jobs
581,109,0.4372,49,0.44506666666666667,500 jobs
582,1,0.692,51,0.692,10 jobs
583,48,0.5451363265306123,46,0.5660604081632653,50 jobs
584,87,0.49493333333333334,45,0.4901333333333333,250 jobs
585,30,0.6079387234042554,45,0.6079387234042554,25 jobs
586,4,0.3933333333333333,50,0.3933333333333333,10 jobs
587,109,0.44226666666666664,43,0.44253333333333333,500 jobs
588,8,0.8694915254237288,49,0.8694915254237288,10 jobs
589,82,0.42373333333333335,44,0.4242666666666667,250 jobs
590,35,0.3212869147659064,44,0.3212869147659064,25 jobs
591,74,0.6631666666666667,48,0.6590833333333334,100 jobs
592,114,0.48490039215686276,44,0.4846870588235294,500 jobs
593,42,0.66,44,0.66,50 jobs
594,78,0.35933333333333334,51,0.3586666666666667,100 jobs
595,28,0.47445333333333334,43,0.47445333333333334,25 jobs
596,71,0.528,49,0.528,100 jobs
597,47,0.6421508704061896,45,0.6331295938104449,50 jobs
598,111,0.7180627450980392,45,0.7209333333333333,500 jobs
599,88,0.43711489361702127,46,0.44488201160541585,250 jobs
600,70,0.6454584615384615,43,0.6458492307692307,100 jobs
601,62,0.6414207547169811,47,0.6462169811320755,100 jobs
602,97,0.39226666666666665,51,0.3888,250 jobs
603,20,0.45724933451641525,51,0.45724933451641525,10 jobs
604,75,0.47699607843137254,42,0.47699607843137254,100 jobs
605,67,0.456,46,0.456,100 jobs
606,92,0.42217926421404683,50,0.419371237458194,250 jobs
607,25,0.49207843137254903,50,0.49207843137254903,25 jobs
608,29,0.6932363636363637,49,0.6926545454545454,25 jobs
609,68,0.7399435294117647,45,0.7426886274509804,100 jobs
610,108,0.49373333333333336,49,0.48586666666666667,500 jobs
611,9,0.8280851063829787,43,0.8280851063829787,10 jobs
612,10,0.6372,46,0.6372,10 jobs
613,104,0.42173333333333335,50,0.41813333333333336,500 jobs
614,52,0.5906666666666667,50,0.5906666666666667,50 jobs
615,15,0.5526666666666666,47,0.5526666666666666,10 jobs
616,57,0.5477333333333333,51,0.5453333333333333,50 jobs
617,101,0.448,51,0.45026666666666665,500 jobs
618,9,0.8280851063829787,49,0.8280851063829787,10 jobs
619,83,0.6821333333333334,44,0.6813333333333333,250 jobs
620,34,0.6996622222222222,44,0.6996622222222222,25 jobs
621,5,0.3974712643678161,50,0.3974712643678161,10 jobs
622,108,0.4862666666666667,43,0.48733333333333334,500 jobs
623,86,0.6333333333333333,45,0.6330666666666667,250 jobs
624,31,0.5189333333333334,45,0.5189333333333334,25 jobs
625,49,0.62512,46,0.62496,50 jobs
626,89,0.4672,46,0.4672,250 jobs
627,70,0.6469046153846154,49,0.6466092307692307,100 jobs
628,46,0.5901333333333333,45,0.5901333333333333,50 jobs
629,110,0.6540887547169811,45,0.6526535849056604,500 jobs
630,79,0.6654530612244898,51,0.6650644897959184,100 jobs
631,29,0.6926545454545454,43,0.6932363636363637,25 jobs
632,75,0.47699607843137254,48,0.47699607843137254,100 jobs
633,115,0.6154666666666667,44,0.6173333333333333,500 jobs
634,43,0.56,44,0.56,50 jobs
635,53,0.564,48,0.564,50 jobs
636,105,0.6581333333333333,48,0.6588,500 jobs
637,65,0.6217517006802721,44,0.6186666666666667,100 jobs
638,109,0.4434666666666667,51,0.44533333333333336,500 jobs
639,4,0.3933333333333333,42,0.3933333333333333,10 jobs
640,100,0.4608,49,0.4576,250 jobs
641,56,0.49333333333333335,49,0.49333333333333335,50 jobs
642,60,0.6506949494949495,45,0.6452282828282828,50 jobs
643,18,0.7363636363636363,46,0.7363636363636363,10 jobs
644,1,0.692,43,0.692,10 jobs
645,96,0.6424,49,0.6410666666666667,250 jobs
646,21,0.49142857142857144,49,0.49142857142857144,25 jobs
647,17,0.45175324675324674,45,0.4603030303030303,10 jobs
648,28,0.47445333333333334,51,0.47445333333333334,25 jobs
649,78,0.36,43,0.35933333333333334,100 jobs
650,93,0.4378666666666667,48,0.4381333333333333,250 jobs
651,24,0.6143333333333333,48,0.6143333333333333,25 jobs
652,12,0.576,44,0.576,10 jobs
653,33,0.4938867924528302,47,0.4938867924528302,25 jobs
654,96,0.6421333333333333,43,0.6418666666666667,250 jobs
655,84,0.7046547314578006,47,0.702772378516624,250 jobs
656,21,0.49142857142857144,43,0.49142857142857144,25 jobs
657,71,0.528,51,0.528,100 jobs
658,36,0.56,46,0.56,25 jobs
659,93,0.4352,42,0.4362666666666667,250 jobs
660,81,0.3874666666666667,46,0.3872,250 jobs
661,24,0.6143333333333333,42,0.6143333333333333,25 jobs
662,74,0.6609166666666667,50,0.6590833333333334,100 jobs
663,118,0.49333333333333335,45,0.49333333333333335,500 jobs
664,78,0.3606666666666667,49,0.35733333333333334,100 jobs
665,39,0.7305515151515152,45,0.7305515151515152,25 jobs
666,4,0.3933333333333333,48,0.3933333333333333,10 jobs
667,105,0.6606,42,0.6583333333333333,500 jobs
668,53,0.564,42,0.564,50 jobs
669,41,0.5148571428571429,46,0.5148571428571429,50 jobs
670,117,0.7129333333333333,46,0.7128,500 jobs
671,8,0.8694915254237288,51,0.8694915254237288,10 jobs
672,1,0.692,49,0.692,10 jobs
673,56,0.49333333333333335,43,0.49333333333333335,50 jobs
674,100,0.4634666666666667,43,0.45893333333333336,250 jobs
675,112,0.3344,47,0.32666666666666666,500 jobs
676,44,0.5450066666666666,47,0.5450066666666666,50 jobs
677,70,0.6467907692307693,44,0.6441538461538462,100 jobs
678,110,0.6543607547169812,48,0.6538209811320754,500 jobs
679,46,0.5901333333333333,48,0.5901333333333333,50 jobs
680,3,0.45,46,0.45,10 jobs
681,75,0.47699607843137254,45,0.47699607843137254,100 jobs
682,43,0.56,49,0.56,50 jobs
683,115,0.616,49,0.6157333333333334,500 jobs
684,6,0.6733333333333333,47,0.6733333333333333,10 jobs
685,119,0.646,50,0.6438666666666667,500 jobs
686,68,0.7409035294117647,42,0.7426886274509804,100 jobs
687,38,0.5823507692307692,50,0.5732923076923077,25 jobs
688,9,0.8280851063829787,44,0.8280851063829787,10 jobs
689,83,0.6829333333333333,49,0.6824,250 jobs
690,34,0.6996622222222222,49,0.6996622222222222,25 jobs
691,86,0.6314666666666666,48,0.6322666666666666,250 jobs
692,31,0.5189333333333334,48,0.5189333333333334,25 jobs
693,64,0.5759242424242424,51,0.5747575757575758,100 jobs
694,83,0.6816,43,0.6802666666666667,250 jobs
695,26,0.5946666666666667,47,0.5946666666666667,25 jobs
696,34,0.6932622222222222,43,0.6996622222222222,25 jobs
697,91,0.5037333333333334,47,0.5034666666666666,250 jobs
698,68,0.7399435294117647,48,0.7432486274509804,100 jobs
699,108,0.4888,44,0.4882666666666667,500 jobs
700,61,0.504,50,0.5017142857142857,100 jobs
701,86,0.6317333333333334,42,0.632,250 jobs
702,23,0.6390903010033445,46,0.6390903010033445,25 jobs
703,31,0.5189333333333334,42,0.5189333333333334,25 jobs
704,94,0.49707885714285716,46,0.49215085714285717,250 jobs
705,16,0.7858823529411765,50,0.7858823529411765,10 jobs
706,46,0.5901333333333333,42,0.5901333333333333,50 jobs
707,110,0.6539921509433962,42,0.6538061886792453,500 jobs
708,102,0.47324656084656086,46,0.47426878306878306,500 jobs
709,54,0.468,46,0.4666666666666667,50 jobs
710,29,0.6926545454545454,44,0.6926545454545454,25 jobs
711,13,0.6083254237288136,51,0.6083254237288136,10 jobs
712,115,0.6161333333333333,43,0.6161333333333333,500 jobs
713,43,0.56,43,0.56,50 jobs
714,51,0.6165714285714285,47,0.6165714285714285,50 jobs
715,107,0.750144,47,0.74888,500 jobs
716,82,0.42346666666666666,51,0.424,250 jobs
717,35,0.33246578631452584,51,0.3503193277310924,25 jobs
718,65,0.6157925170068027,43,0.622938775510204,100 jobs
719,77,0.47533333333333333,47,0.47733333333333333,100 jobs
720,39,0.7305515151515152,48,0.7305515151515152,25 jobs
721,4,0.3933333333333333,45,0.3933333333333333,10 jobs
722,87,0.492,50,0.5024,250 jobs
723,30,0.6079387234042554,50,0.6079387234042554,25 jobs
724,60,0.6536242424242424,42,0.6425535353535353,50 jobs
725,72,0.5086666666666667,46,0.5086666666666667,100 jobs
726,1,0.692,44,0.692,10 jobs
727,47,0.6331295938104449,50,0.6421508704061896,50 jobs
728,111,0.7180392156862745,50,0.7184627450980392,500 jobs
729,17,0.45175324675324674,42,0.45175324675324674,10 jobs
730,118,0.492,48,0.49346666666666666,500 jobs
731,78,0.3606666666666667,44,0.3586666666666667,100 jobs
732,114,0.4878164705882353,51,0.48782588235294116,500 jobs
733,42,0.66,51,0.66,50 jobs
734,12,0.576,43,0.576,10 jobs
735,96,0.64,44,0.6413333333333333,250 jobs
736,21,0.49142857142857144,44,0.49142857142857144,25 jobs
737,17,0.45175324675324674,48,0.45175324675324674,10 jobs
738,59,0.5721666666666667,47,0.5751666666666667,50 jobs
739,93,0.43706666666666666,45,0.436,250 jobs
740,24,0.6143333333333333,45,0.6143333333333333,25 jobs
741,12,0.576,49,0.576,10 jobs
742,118,0.49333333333333335,42,0.4956,500 jobs
743,39,0.7305515151515152,42,0.7305515151515152,25 jobs
744,69,0.5396584615384615,50,0.5558369230769231,100 jobs
745,105,0.6592666666666667,45,0.6582,500 jobs
746,53,0.564,45,0.564,50 jobs
747,65,0.6246360544217687,49,0.6265544217687075,100 jobs
748,99,0.659552,47,0.656512,250 jobs
749,56,0.49333333333333335,44,0.49333333333333335,50 jobs
750,100,0.45786666666666664,44,0.45893333333333336,250 jobs
751,60,0.6482262626262626,48,0.6527717171717172,50 jobs
752,62,0.6402849056603773,49,0.6476679245283019,100 jobs
753,54,0.4666666666666667,45,0.4666666666666667,50 jobs
754,102,0.4737798941798942,45,0.4733904761904762,500 jobs
755,89,0.4672,42,0.4672,250 jobs
756,67,0.464,48,0.462,100 jobs
757,107,0.749072,44,0.751184,500 jobs
758,51,0.6165714285714285,44,0.6165714285714285,50 jobs
759,29,0.6932363636363637,47,0.6932363636363637,25 jobs
760,108,0.48946666666666666,47,0.48733333333333334,500 jobs
761,10,0.6372,48,0.6372,10 jobs
762,26,0.5946666666666667,44,0.5946666666666667,25 jobs
763,91,0.5026666666666667,44,0.5021333333333333,250 jobs
764,19,0.5304,50,0.5304,10 jobs
765,49,0.62512,42,0.62496,50 jobs
766,15,0.5526666666666666,49,0.5526666666666666,10 jobs
767,23,0.6390903010033445,45,0.6390903010033445,25 jobs
768,94,0.49456,45,0.491392,250 jobs
769,10,0.6372,42,0.6372,10 jobs
770,9,0.8280851063829787,47,0.8280851063829787,10 jobs
771,116,0.42906666666666665,50,0.42586666666666667,500 jobs
772,40,0.5643815384615385,50,0.5653538461538462,25 jobs
773,15,0.5526666666666666,43,0.5526666666666666,10 jobs
774,45,0.7141249011857708,51,0.7008885375494072,50 jobs
775,113,0.49333333333333335,51,0.4956,500 jobs
776,49,0.62384,48,0.62496,50 jobs
777,3,0.45,45,0.45,10 jobs
778,89,0.4672,48,0.4672,250 jobs
779,70,0.6533107692307693,47,0.6442892307692307,100 jobs
780,62,0.6430981132075472,43,0.6464943396226415,100 jobs
781,32,0.5173333333333333,51,0.5173333333333333,25 jobs
782,85,0.6234666666666666,51,0.6165333333333334,250 jobs
783,6,0.6733333333333333,44,0.6733333333333333,10 jobs
784,75,0.47699607843137254,46,0.47699607843137254,100 jobs
785,67,0.4573333333333333,42,0.456,100 jobs
786,37,0.91488,50,0.91488,25 jobs
787,80,0.47077960784313727,50,0.47038901960784313,100 jobs
788,53,0.564,46,0.564,50 jobs
789,105,0.6588,46,0.6589333333333334,500 jobs
790,117,0.714,42,0.7129333333333333,500 jobs
791,41,0.5148571428571429,42,0.5148571428571429,50 jobs
792,11,0.6293333333333333,50,0.6293333333333333,10 jobs
793,100,0.4584,47,0.45866666666666667,250 jobs
794,56,0.49333333333333335,47,0.49466666666666664,50 jobs
795,44,0.5450066666666666,43,0.5450066666666666,50 jobs
796,112,0.3328,43,0.3237333333333333,500 jobs
797,14,0.5788148148148148,51,0.5788148148148148,10 jobs
798,99,0.65568,44,0.655424,250 jobs
799,18,0.7363636363636363,48,0.7363636363636363,10 jobs
800,59,0.5713333333333334,44,0.5693333333333334,50 jobs
801,96,0.6424,47,0.6408,250 jobs
802,33,0.4938867924528302,43,0.4938867924528302,25 jobs
803,21,0.49142857142857144,47,0.49142857142857144,25 jobs
804,84,0.7028644501278772,43,0.7034291560102301,250 jobs
805,63,0.4399232323232323,51,0.44842828282828284,100 jobs
806,93,0.4376,46,0.4336,250 jobs
807,36,0.56,42,0.56,25 jobs
808,24,0.6143333333333333,46,0.6143333333333333,25 jobs
809,81,0.38613333333333333,42,0.3848,250 jobs
810,66,0.8006666666666666,50,0.8006666666666666,100 jobs
811,33,0.4851320754716981,49,0.4938867924528302,25 jobs
812,84,0.701430179028133,49,0.7023959079283888,250 jobs
813,88,0.44144912959381044,50,0.44469400386847197,250 jobs
814,36,0.56,48,0.56,25 jobs
815,81,0.38453333333333334,48,0.38666666666666666,250 jobs
816,78,0.3586666666666667,47,0.3586666666666667,100 jobs
817,4,0.3933333333333333,46,0.3933333333333333,10 jobs
818,41,0.5148571428571429,48,0.5148571428571429,50 jobs
819,117,0.7133333333333334,48,0.7137333333333333,500 jobs
820,77,0.4746666666666667,44,0.47733333333333333,100 jobs
821,48,0.5493583673469388,50,0.5535379591836734,50 jobs
822,1,0.692,47,0.692,10 jobs
823,18,0.7363636363636363,42,0.7363636363636363,10 jobs
824,112,0.3314666666666667,49,0.3272,500 jobs
825,44,0.5450066666666666,49,0.5450066666666666,50 jobs
826,72,0.5086666666666667,45,0.5086666666666667,100 jobs
827,110,0.6537077735849056,46,0.653145358490566,500 jobs
828,46,0.5901333333333333,46,0.5901333333333333,50 jobs
829,54,0.4666666666666667,42,0.4666666666666667,50 jobs
830,102,0.47254814814814816,42,0.4738835978835979,500 jobs
831,3,0.45,48,0.45,10 jobs
832,89,0.4672,45,0.4672,250 jobs
833,43,0.56,47,0.56,50 jobs
834,115,0.6154666666666667,47,0.6165333333333334,500 jobs
835,107,0.7508,43,0.750144,500 jobs
836,51,0.6165714285714285,43,0.6165714285714285,50 jobs
837,6,0.6733333333333333,49,0.6733333333333333,10 jobs
838,76,0.6666666666666666,51,0.6666666666666666,100 jobs
839,120,0.5019570196078431,51,0.503380705882353,500 jobs
840,26,0.5946666666666667,43,0.5946666666666667,25 jobs
841,83,0.6786666666666666,47,0.6808,250 jobs
842,91,0.5024,43,0.5026666666666667,250 jobs
843,34,0.6996622222222222,47,0.6996622222222222,25 jobs
844,49,0.62512,45,0.62384,50 jobs
845,73,0.5733333333333334,50,0.5713333333333334,100 jobs
846,23,0.6527224080267559,42,0.6390903010033445,25 jobs
847,86,0.6317333333333334,46,0.6314666666666666,250 jobs
848,94,0.4929462857142857,42,0.491776,250 jobs
849,31,0.5189333333333334,46,0.5189333333333334,25 jobs
850,10,0.6372,45,0.6372,10 jobs
851,26,0.5946666666666667,49,0.5946666666666667,25 jobs
852,91,0.5021333333333333,49,0.5032,250 jobs
853,68,0.7436298039215686,46,0.7430886274509804,100 jobs
854,15,0.5526666666666666,44,0.5526666666666666,10 jobs
855,23,0.6390903010033445,48,0.6390903010033445,25 jobs
856,94,0.4918354285714286,48,0.49188571428571426,250 jobs
857,98,0.5110916923076924,51,0.5024344615384615,250 jobs
858,3,0.45,42,0.45,10 jobs
859,58,0.670749090909091,51,0.670749090909091,50 jobs
860,62,0.6481962264150943,44,0.6396849056603774,100 jobs
861,102,0.47253333333333336,48,0.47271322751322753,500 jobs
862,54,0.4666666666666667,48,0.4666666666666667,50 jobs
863,6,0.6733333333333333,43,0.6733333333333333,10 jobs
864,67,0.456,45,0.458,100 jobs
865,51,0.6165714285714285,49,0.6165714285714285,50 jobs
866,107,0.750736,49,0.751664,500 jobs
867,117,0.7141333333333333,45,0.7153333333333334,500 jobs
868,41,0.5148571428571429,45,0.5148571428571429,50 jobs
869,77,0.47733333333333333,49,0.4746666666666667,100 jobs
870,39,0.7305515151515152,46,0.7305515151515152,25 jobs
871,44,0.5450066666666666,44,0.5450066666666666,50 jobs
872,112,0.3328,44,0.3316,500 jobs
873,72,0.5086666666666667,48,0.5086666666666667,100 jobs
874,99,0.65616,43,0.656,250 jobs
875,59,0.5806666666666667,43,0.5771666666666667,50 jobs
876,2,0.7016666666666667,50,0.7016666666666667,10 jobs
877,33,0.4938867924528302,44,0.4938867924528302,25 jobs
878,84,0.7031556692242115,44,0.7044487638533674,250 jobs
879,118,0.49373333333333336,46,0.492,500 jobs
880,7,0.8538092147955872,51,0.8538092147955872,10 jobs
881,36,0.56,45,0.56,25 jobs
882,81,0.3896,45,0.3888,250 jobs
883,55,0.7631020408163265,50,0.7666938775510204,50 jobs
884,103,0.6141938823529411,50,0.6054221176470588,500 jobs
885,17,0.45175324675324674,46,0.45175324675324674,10 jobs
886,59,0.572,49,0.5751666666666667,50 jobs
887,106,0.5624,51,0.5616,500 jobs
888,50,0.5553333333333333,51,0.5505,50 jobs
889,12,0.576,47,0.576,10 jobs
890,27,0.7880784313725491,51,0.7880784313725491,25 jobs
891,90,0.5636047058823529,51,0.5677716078431373,250 jobs
892,65,0.620061224489796,47,0.6244149659863946,100 jobs
893,77,0.47733333333333333,43,0.4746666666666667,100 jobs
894,99,0.655904,49,0.65664,250 jobs
895,18,0.7363636363636363,45,0.7363636363636363,10 jobs
896,22,0.48533333333333334,50,0.48533333333333334,25 jobs
897,95,0.6856460017969452,50,0.6859299191374663,250 jobs
898,60,0.647979797979798,46,0.6490464646464646,50 jobs
899,72,0.5086666666666667,42,0.5086666666666667,100 jobs
900,50,0.5575,50,0.5555,50 jobs
901,106,0.5613333333333334,50,0.5613333333333334,500 jobs
902,12,0.576,46,0.576,10 jobs
903,103,0.6173430588235295,51,0.6054409411764706,500 jobs
904,55,0.7631020408163265,51,0.7631020408163265,50 jobs
905,17,0.45175324675324674,47,0.45175324675324674,10 jobs
906,59,0.5723333333333334,48,0.572,50 jobs
907,99,0.656736,48,0.656064,250 jobs
908,18,0.7363636363636363,44,0.7363636363636363,10 jobs
909,95,0.6876204851752021,51,0.6859299191374663,250 jobs
910,22,0.48533333333333334,51,0.48533333333333334,25 jobs
911,72,0.5086666666666667,43,0.5086666666666667,100 jobs
912,60,0.6449252525252526,47,0.6587151515151515,50 jobs
913,90,0.5604975686274509,50,0.5680282352941176,250 jobs
914,27,0.7880784313725491,50,0.7880784313725491,25 jobs
915,77,0.4746666666666667,42,0.4746666666666667,100 jobs
916,65,0.6308197278911565,46,0.6255306122448979,100 jobs
917,112,0.3304,45,0.3297333333333333,500 jobs
918,44,0.5450066666666666,45,0.5450066666666666,50 jobs
919,72,0.5086666666666667,49,0.5086666666666667,100 jobs
920,99,0.6568,42,0.656416,250 jobs
921,41,0.5148571428571429,44,0.5148571428571429,50 jobs
922,117,0.7144,44,0.7152,500 jobs
923,77,0.478,48,0.47733333333333333,100 jobs
924,39,0.7305515151515152,47,0.7305515151515152,25 jobs
925,118,0.4936,47,0.4932,500 jobs
926,7,0.8538092147955872,50,0.8538092147955872,10 jobs
927,81,0.3848,44,0.38613333333333333,250 jobs
928,36,0.56,44,0.56,25 jobs
929,59,0.5713333333333334,42,0.5721666666666667,50 jobs
930,2,0.7016666666666667,51,0.7016666666666667,10 jobs
931,84,0.7046547314578006,45,0.7048497868712702,250 jobs
932,33,0.4938867924528302,45,0.4938867924528302,25 jobs
933,15,0.5526666666666666,45,0.5526666666666666,10 jobs
934,94,0.4930742857142857,49,0.500256,250 jobs
935,23,0.6521070234113713,49,0.6390903010033445,25 jobs
936,98,0.5056689230769231,50,0.5056073846153846,250 jobs
937,10,0.6372,44,0.6372,10 jobs
938,91,0.504,48,0.5037333333333334,250 jobs
939,26,0.5946666666666667,48,0.5946666666666667,25 jobs
940,68,0.7430070588235295,47,0.7426886274509804,100 jobs
941,6,0.6733333333333333,42,0.6733333333333333,10 jobs
942,67,0.4573333333333333,44,0.46266666666666667,100 jobs
943,107,0.750576,48,0.75016,500 jobs
944,51,0.6165714285714285,48,0.6165714285714285,50 jobs
945,3,0.45,43,0.45,10 jobs
946,58,0.670749090909091,50,0.670749090909091,50 jobs
947,62,0.6448584905660377,45,0.6481207547169812,100 jobs
948,54,0.4666666666666667,49,0.4666666666666667,50 jobs
949,102,0.47373544973544973,49,0.47225185185185187,500 jobs
950,51,0.6165714285714285,42,0.6165714285714285,50 jobs
951,107,0.751024,42,0.752048,500 jobs
952,115,0.6153333333333333,46,0.6154666666666667,500 jobs
953,43,0.56,46,0.56,50 jobs
954,6,0.6733333333333333,48,0.6733333333333333,10 jobs
955,102,0.4731873015873016,43,0.47382433862433865,500 jobs
956,54,0.4666666666666667,43,0.4666666666666667,50 jobs
957,46,0.5901333333333333,47,0.5901333333333333,50 jobs
958,110,0.6545156226415094,47,0.6539607547169811,500 jobs
959,3,0.45,49,0.45,10 jobs
960,89,0.4672,44,0.4672,250 jobs
961,49,0.62496,44,0.62496,50 jobs
962,73,0.5706666666666667,51,0.5713333333333334,100 jobs
963,31,0.5189333333333334,47,0.5189333333333334,25 jobs
964,94,0.49616457142857145,43,0.4914651428571429,250 jobs
965,86,0.6330666666666667,47,0.6317333333333334,250 jobs
966,23,0.6409364548494983,43,0.6409364548494983,25 jobs
967,120,0.5043218823529412,50,0.501811137254902,500 jobs
968,76,0.6666666666666666,50,0.6666666666666666,100 jobs
969,34,0.6996622222222222,46,0.6996622222222222,25 jobs
970,91,0.5026666666666667,42,0.5013333333333333,250 jobs
971,83,0.684,46,0.6818666666666666,250 jobs
972,26,0.5946666666666667,42,0.5946666666666667,25 jobs
973,81,0.38986666666666664,49,0.3856,250 jobs
974,36,0.56,49,0.56,25 jobs
975,78,0.362,46,0.358,100 jobs
976,84,0.702723273657289,48,0.704058653026428,250 jobs
977,33,0.4938867924528302,48,0.4938867924528302,25 jobs
978,88,0.43768510638297875,51,0.4422011605415861,250 jobs
979,48,0.5577861224489796,51,0.5469485714285715,50 jobs
980,18,0.7363636363636363,43,0.7363636363636363,10 jobs
981,1,0.692,46,0.692,10 jobs
982,44,0.5450066666666666,48,0.5450066666666666,50 jobs
983,112,0.33293333333333336,48,0.3221333333333333,500 jobs
984,72,0.5086666666666667,44,0.5086666666666667,100 jobs
985,4,0.3933333333333333,47,0.3933333333333333,10 jobs
986,117,0.7144,49,0.7157333333333333,500 jobs
987,41,0.5148571428571429,49,0.5148571428571429,50 jobs
988,77,0.48,45,0.47733333333333333,100 jobs
989,112,0.33666666666666667,42,0.3276,500 jobs
990,44,0.5450066666666666,42,0.5450066666666666,50 jobs
991,56,0.49333333333333335,46,0.496,50 jobs
992,100,0.4584,46,0.4613333333333333,250 jobs
993,14,0.5788148148148148,50,0.5788148148148148,10 jobs
994,99,0.655456,45,0.65632,250 jobs
995,18,0.7363636363636363,49,0.7363636363636363,10 jobs
996,41,0.5148571428571429,43,0.5148571428571429,50 jobs
997,117,0.714,43,0.7134666666666667,500 jobs
998,105,0.6584,47,0.6612,500 jobs
999,53,0.564,47,0.564,50 jobs
1000,11,0.6293333333333333,51,0.6293333333333333,10 jobs
1001,81,0.39066666666666666,43,0.38293333333333335,250 jobs
1002,24,0.6143333333333333,47,0.6143333333333333,25 jobs
1003,36,0.56,43,0.56,25 jobs
1004,93,0.43706666666666666,47,0.4384,250 jobs
1005,66,0.8006666666666666,51,0.8006666666666666,100 jobs
1006,59,0.5798333333333333,45,0.572,50 jobs
1007,84,0.7047938618925831,42,0.7040341005967604,250 jobs
1008,21,0.49142857142857144,46,0.49142857142857144,25 jobs
1009,33,0.4926792452830189,42,0.4938867924528302,25 jobs
1010,96,0.6429333333333334,46,0.6408,250 jobs
1011,63,0.4614828282828283,50,0.44903838383838385,100 jobs
1012,15,0.5526666666666666,42,0.5526666666666666,10 jobs
1013,113,0.49493333333333334,50,0.49466666666666664,500 jobs
1014,45,0.7039968379446641,50,0.7060332015810277,50 jobs
1015,49,0.62384,49,0.62544,50 jobs
1016,9,0.8280851063829787,46,0.8280851063829787,10 jobs
1017,10,0.6372,43,0.6372,10 jobs
1018,40,0.5672738461538461,51,0.5643815384615385,25 jobs
1019,116,0.42866666666666664,51,0.4268,500 jobs
1020,6,0.6733333333333333,45,0.6733333333333333,10 jobs
1021,67,0.46066666666666667,43,0.456,100 jobs
1022,75,0.47699607843137254,47,0.47699607843137254,100 jobs
1023,80,0.4641003921568627,51,0.47018666666666664,100 jobs
1024,37,0.91488,51,0.91488,25 jobs
1025,3,0.45,44,0.45,10 jobs
1026,89,0.4672,49,0.4672,250 jobs
1027,62,0.6387037735849057,42,0.6441377358490566,100 jobs
1028,70,0.6509876923076923,46,0.6447692307692308,100 jobs
1029,85,0.6213333333333333,50,0.6221333333333333,250 jobs
1030,32,0.5173333333333333,50,0.5173333333333333,25 jobs
1031,67,0.462,49,0.4573333333333333,100 jobs
1032,51,0.6165714285714285,45,0.6165714285714285,50 jobs
1033,107,0.750736,45,0.751664,500 jobs
1034,29,0.6926545454545454,46,0.6926545454545454,25 jobs
1035,62,0.6481207547169812,48,0.6428547169811321,100 jobs
1036,102,0.4740910052910053,44,0.4733037037037037,500 jobs
1037,54,0.4666666666666667,44,0.4666666666666667,50 jobs
1038,89,0.4672,43,0.4672,250 jobs
1039,19,0.5304,51,0.5304,10 jobs
1040,49,0.62496,43,0.62496,50 jobs
1041,15,0.5526666666666666,48,0.5526666666666666,10 jobs
1042,94,0.49525485714285716,44,0.4932022857142857,250 jobs
1043,23,0.6521070234113713,44,0.6390903010033445,25 jobs
1044,108,0.4898666666666667,46,0.4886666666666667,500 jobs
1045,10,0.6372,49,0.6372,10 jobs
1046,91,0.5026666666666667,45,0.5029333333333333,250 jobs
1047,26,0.5946666666666667,45,0.5946666666666667,25 jobs
1048,24,0.6143333333333333,44,0.6143333333333333,25 jobs
1049,93,0.4384,44,0.43546666666666667,250 jobs
1050,12,0.576,48,0.576,10 jobs
1051,118,0.4941333333333333,43,0.49306666666666665,500 jobs
1052,21,0.49142857142857144,45,0.49142857142857144,25 jobs
1053,96,0.64,45,0.6405333333333333,250 jobs
1054,17,0.45175324675324674,49,0.45175324675324674,10 jobs
1055,59,0.5916666666666667,46,0.5693333333333334,50 jobs
1056,99,0.658368,46,0.654624,250 jobs
1057,100,0.4610666666666667,45,0.45653333333333335,250 jobs
1058,56,0.49333333333333335,45,0.49733333333333335,50 jobs
1059,60,0.6443111111111111,49,0.6543434343434343,50 jobs
1060,39,0.7305515151515152,43,0.7305515151515152,25 jobs
1061,69,0.5486215384615385,51,0.54448,100 jobs
1062,53,0.564,44,0.564,50 jobs
1063,105,0.6598666666666667,44,0.6611333333333334,500 jobs
1064,65,0.6194081632653061,48,0.6132448979591837,100 jobs
1065,30,0.6079387234042554,51,0.6079387234042554,25 jobs
1066,87,0.49466666666666664,51,0.5010666666666667,250 jobs
1067,72,0.5086666666666667,47,0.5086666666666667,100 jobs
1068,60,0.6407474747474747,43,0.6476646464646465,50 jobs
1069,1,0.692,45,0.692,10 jobs
1070,35,0.32343817527010804,50,0.33246578631452584,25 jobs
1071,82,0.42373333333333335,50,0.4232,250 jobs
1072,77,0.48,46,0.4746666666666667,100 jobs
1073,65,0.6263571428571428,42,0.6180850340136055,100 jobs
1074,39,0.7305515151515152,49,0.7305515151515152,25 jobs
1075,4,0.3933333333333333,44,0.3933333333333333,10 jobs
1076,118,0.4924,49,0.4936,500 jobs
1077,78,0.36,45,0.3566666666666667,100 jobs
1078,42,0.66,50,0.66,50 jobs
1079,114,0.4876329411764706,50,0.4844909803921569,500 jobs
1080,12,0.576,42,0.576,10 jobs
1081,111,0.7191764705882353,51,0.7184549019607843,500 jobs
1082,47,0.6331295938104449,51,0.6421508704061896,50 jobs
1083,17,0.45175324675324674,43,0.45175324675324674,10 jobs
1084,61,0.49942857142857144,51,0.5011428571428571,100 jobs
1085,94,0.49609142857142857,47,0.4913828571428571,250 jobs
1086,31,0.5189333333333334,43,0.5189333333333334,25 jobs
1087,23,0.6403210702341137,47,0.6409364548494983,25 jobs
1088,86,0.6325333333333333,43,0.6317333333333334,250 jobs
1089,64,0.5781742424242424,50,0.5764242424242424,100 jobs
1090,91,0.5026666666666667,46,0.5024,250 jobs
1091,34,0.6996622222222222,42,0.6996622222222222,25 jobs
1092,26,0.5946666666666667,46,0.5946666666666667,25 jobs
1093,83,0.68,42,0.6808,250 jobs
1094,68,0.740644705882353,49,0.7426886274509804,100 jobs
1095,108,0.4888,45,0.4872,500 jobs
1096,29,0.6926545454545454,45,0.6926545454545454,25 jobs
1097,13,0.6083254237288136,50,0.5843389830508474,10 jobs
1098,107,0.750928,46,0.751072,500 jobs
1099,51,0.6165714285714285,46,0.6165714285714285,50 jobs
1100,43,0.56,42,0.56,50 jobs
1101,115,0.6162666666666666,42,0.6152,500 jobs
1102,16,0.7858823529411765,51,0.7858823529411765,10 jobs
1103,54,0.4666666666666667,47,0.4666666666666667,50 jobs
1104,102,0.47355767195767196,47,0.475026455026455,500 jobs
1105,110,0.6546578113207547,43,0.6533509433962265,500 jobs
1106,46,0.5901333333333333,43,0.5901333333333333,50 jobs
1107,75,0.47699607843137254,44,0.47699607843137254,100 jobs
1108,115,0.6152,48,0.6161333333333333,500 jobs
1109,43,0.56,48,0.56,50 jobs
1110,6,0.6733333333333333,46,0.6733333333333333,10 jobs
1111,119,0.6470666666666667,51,0.6456,500 jobs
1112,70,0.643996923076923,45,0.6423815384615384,100 jobs
1113,46,0.5901333333333333,49,0.5901333333333333,50 jobs
1114,110,0.6529491320754717,49,0.6528428679245283,500 jobs
1115,3,0.45,47,0.45,10 jobs
1116,31,0.5189333333333334,49,0.5189333333333334,25 jobs
1117,86,0.6314666666666666,49,0.632,250 jobs
1118,68,0.7452972549019607,43,0.7426886274509804,100 jobs
1119,38,0.5757538461538462,51,0.5794338461538462,25 jobs
1120,9,0.8280851063829787,45,0.8280851063829787,10 jobs
1121,34,0.6996622222222222,48,0.6996622222222222,25 jobs
1122,83,0.6816,48,0.6805333333333333,250 jobs
1123,24,0.6143333333333333,43,0.6143333333333333,25 jobs
1124,81,0.38453333333333334,47,0.38,250 jobs
1125,93,0.4362666666666667,43,0.43733333333333335,250 jobs
1126,36,0.56,47,0.56,25 jobs
1127,74,0.6654166666666667,51,0.6590833333333334,100 jobs
1128,118,0.49133333333333334,44,0.4936,500 jobs
1129,78,0.36,48,0.35733333333333334,100 jobs
1130,21,0.49142857142857144,42,0.49142857142857144,25 jobs
1131,84,0.7061428815004263,46,0.7049057118499574,250 jobs
1132,96,0.6416,42,0.6416,250 jobs
1133,33,0.4938867924528302,46,0.4926792452830189,25 jobs
1134,71,0.528,50,0.528,100 jobs
1135,1,0.692,48,0.692,10 jobs
1136,44,0.5450066666666666,46,0.5450066666666666,50 jobs
1137,112,0.32986666666666664,46,0.32493333333333335,500 jobs
1138,100,0.4576,42,0.45493333333333336,250 jobs
1139,56,0.49333333333333335,42,0.49333333333333335,50 jobs
1140,39,0.7305515151515152,44,0.7305515151515152,25 jobs
1141,4,0.3933333333333333,49,0.3933333333333333,10 jobs
1142,117,0.7130666666666666,47,0.7112,500 jobs
1143,41,0.5148571428571429,47,0.5148571428571429,50 jobs
1144,53,0.564,43,0.564,50 jobs
1145,105,0.6588666666666667,43,0.6593333333333333,500 jobs
1146,8,0.8694915254237288,50,0.8694915254237288,10 jobs
1147,56,0.49333333333333335,48,0.49333333333333335,50 jobs
1148,100,0.4610666666666667,48,0.4544,250 jobs
1149,60,0.6550505050505051,44,0.6578262626262626,50 jobs
1150,1,0.692,42,0.692,10 jobs
1151,18,0.7363636363636363,47,0.7363636363636363,10 jobs
1152,105,0.6594666666666666,49,0.6576666666666666,500 jobs
1153,53,0.564,49,0.5653333333333334,50 jobs
1154,65,0.6307312925170068,45,0.6143197278911564,100 jobs
1155,109,0.43946666666666667,50,0.4452,500 jobs
1156,4,0.3933333333333333,43,0.3933333333333333,10 jobs
1157,28,0.47445333333333334,50,0.47445333333333334,25 jobs
1158,78,0.362,42,0.35533333333333333,100 jobs
1159,24,0.6143333333333333,49,0.6143333333333333,25 jobs
1160,93,0.4381333333333333,49,0.4378666666666667,250 jobs
1161,12,0.576,45,0.576,10 jobs
1162,21,0.49142857142857144,48,0.49142857142857144,25 jobs
1163,96,0.6392,48,0.6405333333333333,250 jobs
1164,17,0.45175324675324674,44,0.45175324675324674,10 jobs
1165,31,0.5189333333333334,44,0.5189333333333334,25 jobs
1166,86,0.6317333333333334,44,0.6317333333333334,250 jobs
1167,49,0.62384,47,0.62512,50 jobs
1168,9,0.8280851063829787,48,0.8280851063829787,10 jobs
1169,34,0.6932622222222222,45,0.6996622222222222,25 jobs
1170,83,0.6808,45,0.6898666666666666,250 jobs
1171,5,0.42229885057471267,51,0.3974712643678161,10 jobs
1172,108,0.49773333333333336,42,0.48586666666666667,500 jobs
1173,79,0.6648930612244898,50,0.6650530612244898,100 jobs
1174,29,0.6932363636363637,42,0.6926545454545454,25 jobs
1175,75,0.47699607843137254,49,0.47699607843137254,100 jobs
1176,43,0.56,45,0.56,50 jobs
1177,115,0.6144,45,0.6168,500 jobs
1178,89,0.4672,47,0.4672,250 jobs
1179,70,0.643356923076923,48,0.6420030769230769,100 jobs
1180,110,0.6535046037735849,44,0.6522979622641509,500 jobs
1181,46,0.5901333333333333,44,0.5901333333333333,50 jobs
1182,67,0.456,47,0.462,100 jobs
1183,75,0.47699607843137254,43,0.47699607843137254,100 jobs
1184,25,0.49207843137254903,51,0.49207843137254903,25 jobs
1185,92,0.42436387959866223,51,0.4233311036789298,250 jobs
1186,29,0.6926545454545454,48,0.6926545454545454,25 jobs
1187,62,0.6478188679245283,46,0.6436094339622641,100 jobs
1188,70,0.6494615384615384,42,0.6445353846153846,100 jobs
1189,20,0.45724933451641525,50,0.45724933451641525,10 jobs
1190,97,0.3957333333333333,50,0.3912,250 jobs
1191,15,0.5526666666666666,46,0.5526666666666666,10 jobs
1192,101,0.45053333333333334,50,0.44906666666666667,500 jobs
1193,57,0.5477333333333333,50,0.5477333333333333,50 jobs
1194,68,0.7458572549019608,44,0.7429286274509804,100 jobs
1195,108,0.4918666666666667,48,0.48746666666666666,500 jobs
1196,10,0.6372,47,0.6372,10 jobs
1197,9,0.8280851063829787,42,0.8280851063829787,10 jobs
1198,52,0.5906666666666667,51,0.5906666666666667,50 jobs
1199,104,0.41733333333333333,51,0.4209333333333333,500 jobs
