,instance,All,seed,noSwap,noSingleNewBatch,noExistingNewBatch,noMoreNewBatch
0,38,0.580578,47,0.575754,0.652123,0.583618,0.574769
1,51,0.616571,51,0.616571,0.616571,0.659048,0.616571
2,17,0.451753,42,0.451753,0.474903,0.451753,0.451753
3,98,0.513093,46,0.512017,0.503844,0.595812,0.526727
4,107,0.750144,43,0.749952,0.750576,0.801328,0.749184
5,116,0.4292,45,0.429867,0.433467,0.483067,0.429867
6,73,0.574,42,0.572667,0.601333,0.764,0.571333
7,35,0.350319,51,0.331131,0.380418,0.447866,0.321258
8,62,0.639685,44,0.650721,0.646066,0.694368,0.646494
9,38,0.582351,49,0.575754,0.650462,0.589809,0.582351
10,98,0.508223,48,0.509762,0.508782,0.595564,0.528708
11,95,0.68593,50,0.688515,0.689704,0.723802,0.684964
12,34,0.699662,48,0.699662,0.700622,0.760782,0.699662
13,39,0.730552,50,0.733552,0.764891,0.782939,0.730552
14,50,0.54,46,0.545333,0.5755,0.6675,0.549
15,99,0.653888,51,0.658272,0.658176,0.70352,0.655008
16,94,0.500256,49,0.491634,0.522222,0.543717,0.496974
17,34,0.699662,46,0.699662,0.700622,0.762702,0.699662
18,50,0.539667,48,0.556833,0.554667,0.678667,0.54
19,94,0.491383,47,0.493422,0.519273,0.539493,0.492411
20,117,0.715733,49,0.714667,0.717333,0.787733,0.7144
21,63,0.450812,46,0.45678,0.453192,0.517689,0.453592
22,117,0.7112,47,0.715333,0.713333,0.787733,0.713333
23,99,0.655424,44,0.658016,0.656544,0.704704,0.658112
24,88,0.444695,42,0.460022,0.456411,0.49433,0.446419
25,39,0.730552,45,0.730552,0.763558,0.782939,0.730552
26,28,0.474453,43,0.477333,0.501609,0.484938,0.474453
27,63,0.449547,48,0.448436,0.453087,0.516162,0.446788
28,95,0.688544,45,0.687941,0.689357,0.723802,0.688436
29,84,0.703429,43,0.707724,0.70343,0.740838,0.701805
30,1,0.692,46,0.692,0.692,0.692,0.692
31,35,0.321287,44,0.348764,0.358214,0.447539,0.321258
32,24,0.614333,42,0.614333,0.614333,0.679222,0.614333
33,62,0.649102,51,0.65047,0.640591,0.694368,0.641647
34,116,0.425867,50,0.426933,0.434267,0.483067,0.429467
35,40,0.565354,42,0.565354,0.568886,0.632135,0.565354
36,1,0.692,48,0.692,0.692,0.692,0.692
37,51,0.616571,44,0.616571,0.616571,0.659048,0.616571
38,109,0.442933,46,0.4492,0.4448,0.5232,0.440267
39,96,0.641867,43,0.6424,0.647467,0.76,0.642667
40,87,0.490133,45,0.501867,0.497333,0.6096,0.495467
41,36,0.56,42,0.56,0.56,0.642286,0.56
42,70,0.640154,51,0.651865,0.672431,0.679348,0.646286
43,27,0.788078,44,0.788078,0.788706,0.79702,0.788078
44,19,0.5304,47,0.5304,0.564,0.5304,0.5304
45,109,0.441733,48,0.4488,0.4436,0.5232,0.443867
46,104,0.418133,50,0.426267,0.434,0.547067,0.4192
47,19,0.5304,49,0.5304,0.564,0.5304,0.5304
48,43,0.56,44,0.56,0.56,0.598667,0.56
49,14,0.578815,51,0.578815,0.578815,0.632741,0.589333
50,52,0.592,42,0.590667,0.593333,0.6,0.592
51,108,0.4872,51,0.496267,0.527733,0.648667,0.486933
52,105,0.657667,49,0.660667,0.659333,0.7154,0.659867
53,71,0.528,46,0.528667,0.528,0.569333,0.528
54,18,0.736364,50,0.736364,0.736364,0.736364,0.736364
55,15,0.552667,48,0.552667,0.552667,0.552667,0.552667
56,105,0.6612,47,0.661467,0.658067,0.7154,0.6588
57,71,0.528,48,0.529333,0.528,0.569333,0.528
58,15,0.552667,46,0.552667,0.552667,0.552667,0.552667
59,42,0.66,46,0.662667,0.669333,0.713333,0.66
60,26,0.594667,48,0.594667,0.594667,0.646667,0.594667
61,86,0.632,49,0.6336,0.6352,0.7072,0.632533
62,42,0.66,48,0.66,0.668,0.713333,0.66
63,3,0.45,42,0.45,0.476667,0.45,0.45
64,18,0.736364,45,0.736364,0.736364,0.736364,0.736364
65,26,0.594667,46,0.594667,0.594667,0.685333,0.594667
66,86,0.631733,47,0.633333,0.636,0.721867,0.630933
67,108,0.488267,44,0.5032,0.527333,0.648267,0.4876
68,119,0.6436,42,0.655733,0.6572,0.777067,0.647467
69,43,0.56,51,0.56,0.56,0.598667,0.56
70,14,0.578815,44,0.578815,0.578815,0.632741,0.578815
71,104,0.419067,45,0.432133,0.440933,0.547067,0.4184
72,115,0.616133,43,0.616267,0.615333,0.661067,0.615333
73,70,0.644154,44,0.653662,0.655074,0.678822,0.652972
74,61,0.497714,42,0.499286,0.507429,0.548714,0.499429
75,27,0.788078,51,0.788078,0.788706,0.805333,0.788078
76,87,0.5024,50,0.503467,0.501067,0.6096,0.493867
77,112,0.3272,49,0.327333,0.350267,0.429333,0.324533
78,5,0.397471,51,0.397471,0.397471,0.397471,0.397471
79,58,0.670749,45,0.670749,0.679462,0.680887,0.670749
80,8,0.869492,49,0.869492,0.869492,0.869492,0.869492
81,66,0.800667,46,0.800667,0.802667,0.824,0.800667
82,49,0.62496,43,0.62384,0.62816,0.65408,0.62608
83,112,0.326667,47,0.327333,0.3504,0.429333,0.328533
84,66,0.800667,48,0.800667,0.802667,0.824,0.800667
85,8,0.869492,47,0.869492,0.869492,0.869492,0.869492
86,81,0.382933,43,0.396267,0.402933,0.493867,0.3896
87,90,0.563667,45,0.572257,0.564594,0.612037,0.567
88,120,0.501226,45,0.503258,0.503888,0.574755,0.505832
89,4,0.393333,46,0.393333,0.393333,0.453333,0.393333
90,21,0.491429,42,0.491429,0.491429,0.520762,0.491429
91,67,0.460667,51,0.458667,0.469333,0.536,0.455333
92,30,0.607939,44,0.609859,0.607939,0.664504,0.607939
93,113,0.494667,50,0.496533,0.495867,0.6204,0.496267
94,4,0.393333,48,0.393333,0.393333,0.453333,0.393333
95,54,0.466667,44,0.466667,0.466667,0.532,0.466667
96,45,0.697742,42,0.70456,0.698852,0.735997,0.708215
97,9,0.828085,50,0.828085,0.828085,0.828085,0.828085
98,59,0.575167,49,0.580833,0.576,0.63,0.570667
99,9,0.828085,45,0.828085,0.828085,0.828085,0.828085
100,54,0.466667,51,0.466667,0.466667,0.532,0.469333
101,12,0.576,42,0.576,0.576,0.576,0.576
102,113,0.495333,45,0.4948,0.4948,0.6204,0.495067
103,102,0.473824,43,0.47979,0.47295,0.515606,0.478108
104,67,0.462667,44,0.457333,0.472,0.536,0.462
105,59,0.575167,47,0.582167,0.580667,0.641833,0.575167
106,76,0.666667,42,0.666667,0.669333,0.723333,0.666667
107,30,0.607939,51,0.609859,0.607939,0.677563,0.607939
108,120,0.501811,50,0.502663,0.502632,0.573243,0.504517
109,90,0.568028,50,0.572811,0.568497,0.612195,0.566378
110,31,0.518933,48,0.518933,0.546667,0.518933,0.518933
111,55,0.763102,46,0.763102,0.763102,0.819677,0.763102
112,91,0.5032,49,0.5032,0.505867,0.545867,0.503733
113,58,0.670749,50,0.680989,0.680262,0.685382,0.670749
114,31,0.518933,46,0.518933,0.541867,0.518933,0.518933
115,5,0.397471,44,0.397471,0.397471,0.397471,0.397471
116,55,0.763102,48,0.763102,0.763102,0.819677,0.763102
117,91,0.503467,47,0.501867,0.501867,0.545867,0.501867
118,68,0.742689,43,0.743969,0.748373,0.768464,0.743249
119,47,0.63313,46,0.64506,0.63571,0.662762,0.642151
120,79,0.664973,45,0.670093,0.666268,0.702986,0.666204
121,23,0.63909,48,0.643612,0.63909,0.64186,0.63909
122,83,0.6824,49,0.6864,0.688,0.786933,0.682667
123,6,0.673333,42,0.673333,0.673333,0.673333,0.673333
124,47,0.642151,48,0.636948,0.634437,0.663126,0.63313
125,23,0.63909,46,0.643612,0.63909,0.64186,0.63909
126,83,0.6808,47,0.681867,0.686133,0.786933,0.683467
127,11,0.629333,44,0.629333,0.629333,0.629333,0.629333
128,46,0.590133,51,0.590133,0.590133,0.6864,0.590133
129,110,0.653351,43,0.658748,0.655163,0.688898,0.652355
130,101,0.448533,45,0.459733,0.458,0.567067,0.447333
131,64,0.576758,42,0.578977,0.578841,0.671129,0.575924
132,22,0.485333,51,0.485333,0.485333,0.496,0.485333
133,75,0.476996,44,0.477396,0.476996,0.500863,0.476996
134,82,0.4232,50,0.426667,0.427733,0.462133,0.423467
135,82,0.424267,45,0.429067,0.428,0.462133,0.424
136,93,0.437333,43,0.435467,0.437867,0.5928,0.444
137,22,0.485333,44,0.485333,0.485333,0.496,0.485333
138,33,0.493887,42,0.481509,0.516377,0.595925,0.494792
139,75,0.476996,51,0.477396,0.476996,0.500863,0.476996
140,78,0.357333,49,0.362,0.378,0.512667,0.362
141,101,0.449067,50,0.458,0.4572,0.567067,0.450267
142,11,0.629333,51,0.629333,0.629333,0.629333,0.629333
143,57,0.547733,42,0.5504,0.5688,0.598933,0.544
144,78,0.358667,47,0.356667,0.374,0.496,0.357333
145,46,0.590133,44,0.590133,0.590133,0.6864,0.590133
146,100,0.4576,49,0.466133,0.462667,0.565867,0.460533
147,74,0.6605,46,0.66925,0.669333,0.710167,0.662833
148,10,0.6372,48,0.682075,0.642075,0.696575,0.6372
149,100,0.458667,47,0.458933,0.4608,0.565867,0.464533
150,74,0.659083,48,0.659083,0.663667,0.708667,0.659083
151,10,0.6372,46,0.682075,0.642075,0.696575,0.6372
152,79,0.665053,50,0.670493,0.666096,0.701224,0.665953
153,112,0.334,51,0.327867,0.349067,0.429333,0.3292
154,8,0.869492,51,0.869492,0.869492,0.869492,0.869492
155,55,0.766694,45,0.763102,0.763102,0.819677,0.763102
156,5,0.397471,49,0.397471,0.397471,0.397471,0.397471
157,44,0.545007,43,0.545007,0.545007,0.575787,0.557813
158,80,0.471012,42,0.473384,0.48923,0.493217,0.468867
159,91,0.502133,44,0.5024,0.501867,0.545867,0.5032
160,66,0.800667,50,0.800667,0.802667,0.824,0.800667
161,20,0.457249,43,0.457249,0.512032,0.457249,0.470453
162,31,0.518933,45,0.518933,0.546667,0.518933,0.518933
163,5,0.397471,47,0.397471,0.397471,0.397471,0.397471
164,113,0.494667,46,0.496667,0.4944,0.6204,0.496533
165,67,0.457333,49,0.460667,0.47,0.536,0.456
166,9,0.828085,46,0.828085,0.828085,0.828085,0.828085
167,113,0.4956,48,0.494267,0.495467,0.6204,0.496133
168,9,0.828085,48,0.828085,0.828085,0.828085,0.828085
169,67,0.462,47,0.468667,0.47,0.536,0.456667
170,59,0.569333,44,0.5795,0.583833,0.630667,0.574167
171,48,0.559543,42,0.568591,0.585793,0.583683,0.542008
172,4,0.393333,50,0.393333,0.393333,0.453333,0.393333
173,54,0.466667,49,0.466667,0.466667,0.532,0.468
174,4,0.393333,45,0.393333,0.393333,0.453333,0.393333
175,59,0.577667,51,0.5775,0.570167,0.623833,0.577167
176,30,0.607939,47,0.609859,0.607939,0.664763,0.607939
177,90,0.566939,46,0.574236,0.567397,0.613591,0.568107
178,120,0.501406,46,0.502658,0.500792,0.573837,0.50373
179,54,0.466667,47,0.466667,0.466667,0.532,0.466667
180,30,0.607939,49,0.609859,0.607939,0.667963,0.607939
181,90,0.567525,48,0.575177,0.569692,0.612991,0.574589
182,120,0.505045,48,0.502779,0.503395,0.574738,0.504233
183,58,0.670749,46,0.674589,0.679622,0.676495,0.674429
184,66,0.800667,45,0.800667,0.802667,0.819333,0.800667
185,31,0.518933,50,0.518933,0.546667,0.522667,0.518933
186,77,0.474667,43,0.478667,0.477333,0.532667,0.478
187,91,0.5016,51,0.505067,0.503467,0.545867,0.503467
188,13,0.584339,43,0.584339,0.621627,0.667037,0.608325
189,55,0.766694,50,0.763102,0.766694,0.819677,0.766694
190,8,0.869492,44,0.869492,0.869492,0.869492,0.869492
191,58,0.670647,48,0.669367,0.677789,0.680655,0.670749
192,112,0.3316,44,0.329467,0.3476,0.429333,0.327733
193,103,0.615937,42,0.629505,0.616063,0.65665,0.609042
194,23,0.63909,50,0.643612,0.63909,0.64186,0.63909
195,65,0.622939,43,0.644136,0.650806,0.673024,0.6225
196,74,0.66125,45,0.671,0.662167,0.708,0.664333
197,83,0.6856,51,0.688,0.6928,0.786933,0.682933
198,10,0.6372,45,0.682075,0.642075,0.696575,0.6372
199,47,0.642151,50,0.644878,0.634983,0.662762,0.642151
200,111,0.717631,42,0.715922,0.719631,0.767059,0.718894
201,100,0.458933,44,0.4624,0.456267,0.565867,0.461333
202,22,0.485333,47,0.485333,0.485333,0.496,0.485333
203,7,0.853809,43,0.853809,0.859896,0.853809,0.853809
204,46,0.590133,49,0.590133,0.590133,0.652533,0.590133
205,82,0.423467,46,0.4256,0.426667,0.462133,0.423733
206,22,0.485333,49,0.485333,0.485333,0.496,0.485333
207,69,0.544169,42,0.546268,0.553145,0.597782,0.53944
208,78,0.358667,44,0.355333,0.384667,0.509333,0.361333
209,46,0.590133,47,0.590133,0.590133,0.6864,0.590133
210,82,0.423467,48,0.426133,0.426133,0.462133,0.423467
211,101,0.4464,46,0.454,0.4572,0.567067,0.448133
212,11,0.629333,47,0.629333,0.629333,0.629333,0.629333
213,78,0.358667,51,0.358,0.384667,0.512667,0.360667
214,75,0.476996,49,0.477396,0.476996,0.500863,0.476996
215,101,0.446533,48,0.461333,0.46,0.567067,0.4504
216,11,0.629333,49,0.629333,0.629333,0.629333,0.629333
217,75,0.476996,47,0.477396,0.476996,0.500863,0.476996
218,100,0.457067,51,0.464533,0.459733,0.565867,0.465067
219,56,0.493333,43,0.493333,0.493333,0.589333,0.493333
220,10,0.6372,50,0.682075,0.642075,0.717,0.6372
221,47,0.63313,45,0.635493,0.643458,0.662035,0.642151
222,79,0.664653,46,0.670653,0.667696,0.701136,0.666044
223,83,0.681333,44,0.684533,0.694933,0.786933,0.681333
224,92,0.423064,42,0.425268,0.422635,0.51337,0.435716
225,79,0.664733,48,0.669213,0.667296,0.703283,0.665793
226,23,0.63909,45,0.643612,0.63909,0.64186,0.63909
227,74,0.659083,50,0.663917,0.6645,0.711833,0.659083
228,32,0.517333,43,0.517333,0.541333,0.528,0.517333
229,51,0.616571,49,0.616571,0.616571,0.659048,0.616571
230,1,0.692,45,0.692,0.692,0.692,0.692
231,35,0.321287,47,0.344029,0.345863,0.447539,0.321287
232,95,0.688224,46,0.690795,0.691978,0.723802,0.686914
233,38,0.579434,51,0.589292,0.646092,0.582757,0.578314
234,51,0.616571,47,0.616571,0.616571,0.659048,0.616571
235,35,0.332466,49,0.319405,0.348658,0.447866,0.321287
236,95,0.686987,48,0.690266,0.687968,0.723802,0.686353
237,98,0.505607,50,0.509497,0.506511,0.596666,0.532866
238,39,0.730552,48,0.730552,0.764891,0.782939,0.730552
239,34,0.699662,50,0.699662,0.700622,0.763662,0.70048
240,72,0.508667,43,0.508667,0.508667,0.6,0.509333
241,63,0.451095,45,0.451079,0.465834,0.51579,0.469244
242,94,0.491698,51,0.498331,0.526958,0.540891,0.496667
243,99,0.65664,49,0.65536,0.656416,0.706688,0.65648
244,39,0.730552,46,0.730552,0.763558,0.782939,0.730552
245,16,0.785882,43,0.785882,0.943922,0.785882,0.785882
246,50,0.5555,50,0.559167,0.568667,0.666333,0.54
247,106,0.561067,42,0.572133,0.561733,0.643067,0.5612
248,117,0.7152,44,0.714533,0.7136,0.787733,0.7156
249,99,0.656512,47,0.657248,0.65344,0.705216,0.656128
250,117,0.714,51,0.713467,0.7136,0.787733,0.715333
251,41,0.514857,43,0.514857,0.514857,0.600571,0.514857
252,50,0.549,45,0.5615,0.561667,0.67,0.543667
253,94,0.493202,44,0.503922,0.51867,0.541623,0.491863
254,85,0.622667,42,0.6288,0.630133,0.734933,0.6256
255,34,0.699662,45,0.699662,0.700622,0.761742,0.699662
256,63,0.449038,50,0.460614,0.458137,0.526602,0.448154
257,25,0.492078,43,0.540863,0.502745,0.525804,0.492078
258,98,0.515937,45,0.506597,0.502359,0.596428,0.530811
259,89,0.4672,43,0.4672,0.4672,0.483467,0.468
260,116,0.427733,46,0.427733,0.4376,0.483067,0.4284
261,62,0.647668,49,0.647942,0.646419,0.694368,0.648423
262,38,0.577489,44,0.575754,0.648111,0.606375,0.569969
263,29,0.692655,42,0.692655,0.699782,0.708945,0.692655
264,116,0.428267,48,0.430133,0.432133,0.483067,0.4316
265,62,0.646217,47,0.652309,0.640817,0.694368,0.644255
266,1,0.692,50,0.692,0.692,0.692,0.692
267,104,0.4168,46,0.43,0.445067,0.547067,0.420533
268,14,0.578815,47,0.578815,0.578815,0.632741,0.589333
269,70,0.646609,49,0.653517,0.671615,0.677351,0.644074
270,104,0.416933,48,0.430533,0.4412,0.547067,0.424533
271,109,0.4452,50,0.443733,0.445067,0.5232,0.443467
272,14,0.578815,49,0.578815,0.578815,0.632741,0.589333
273,70,0.644289,47,0.648394,0.649218,0.678194,0.647237
274,19,0.5304,51,0.5304,0.564,0.5304,0.5304
275,105,0.660667,51,0.662267,0.658867,0.7154,0.658933
276,108,0.485867,49,0.4972,0.5312,0.648667,0.487733
277,42,0.66,45,0.66,0.665333,0.713333,0.66
278,53,0.564,43,0.565333,0.581333,0.625333,0.564
279,15,0.552667,50,0.552667,0.552667,0.552667,0.552667
280,18,0.736364,48,0.736364,0.736364,0.736364,0.736364
281,97,0.393333,42,0.393333,0.4032,0.549867,0.3912
282,86,0.631733,44,0.6336,0.635733,0.724533,0.632533
283,108,0.487333,47,0.495467,0.529867,0.648667,0.4884
284,71,0.528,50,0.53,0.528,0.569333,0.528
285,37,0.91488,43,0.91488,0.91488,0.91488,0.91488
286,18,0.736364,46,0.736364,0.736364,0.770303,0.736364
287,26,0.594667,45,0.597333,0.594667,0.694667,0.594667
288,71,0.528,45,0.530667,0.528,0.569333,0.528
289,26,0.594667,50,0.594667,0.594667,0.669333,0.594667
290,60,0.647665,43,0.66143,0.647495,0.713733,0.65918
291,86,0.632267,51,0.633867,0.635733,0.729067,0.630667
292,42,0.66,50,0.661333,0.668,0.713333,0.66
293,15,0.552667,45,0.552667,0.552667,0.552667,0.552667
294,105,0.661133,44,0.660733,0.659667,0.7152,0.66
295,114,0.480927,42,0.503649,0.530836,0.546563,0.483945
296,27,0.788078,47,0.788078,0.788706,0.812392,0.788078
297,19,0.5304,44,0.5304,0.564,0.5304,0.5304
298,43,0.56,49,0.56,0.56,0.598667,0.56
299,2,0.701667,43,0.701667,0.701667,0.701667,0.701667
300,109,0.440267,45,0.448,0.4428,0.5232,0.4392
301,118,0.493067,43,0.492,0.491467,0.561867,0.494133
302,87,0.4912,46,0.5016,0.5056,0.6096,0.4952
303,27,0.788078,49,0.788078,0.788706,0.79702,0.788078
304,43,0.56,47,0.56,0.56,0.598667,0.56
305,87,0.4936,48,0.504,0.500267,0.6096,0.4984
306,110,0.653821,48,0.659516,0.653194,0.689442,0.655038
307,7,0.853809,50,0.853809,0.859896,0.853809,0.853809
308,64,0.576674,47,0.580061,0.578174,0.678091,0.576424
309,110,0.653145,46,0.66039,0.654669,0.688679,0.654731
310,69,0.54448,51,0.566514,0.559077,0.607132,0.550982
311,64,0.576174,49,0.577826,0.578591,0.674924,0.574591
312,83,0.6808,42,0.6888,0.690667,0.786933,0.6824
313,92,0.431145,44,0.422567,0.422123,0.509807,0.433719
314,68,0.743249,48,0.744529,0.748933,0.767744,0.742689
315,6,0.673333,47,0.673333,0.673333,0.673333,0.673333
316,23,0.640936,43,0.643612,0.63909,0.64186,0.63909
317,65,0.620922,50,0.626435,0.648833,0.676439,0.625752
318,32,0.517333,45,0.517333,0.541333,0.528,0.517333
319,111,0.718455,51,0.718918,0.719459,0.767059,0.717992
320,6,0.673333,49,0.673333,0.673333,0.673333,0.673333
321,68,0.743089,46,0.745089,0.747733,0.768464,0.743089
322,56,0.497333,45,0.493333,0.493333,0.589333,0.497333
323,47,0.63313,43,0.636948,0.636801,0.662863,0.642151
324,56,0.493333,50,0.498667,0.493333,0.585333,0.493333
325,10,0.6372,43,0.682075,0.642075,0.696575,0.6372
326,111,0.720392,44,0.717404,0.71829,0.767059,0.719624
327,100,0.454933,42,0.461867,0.463467,0.565867,0.463733
328,65,0.61432,45,0.638276,0.63584,0.678592,0.618888
329,74,0.659083,43,0.670083,0.666833,0.71025,0.661417
330,32,0.517333,50,0.517333,0.541333,0.538667,0.517333
331,92,0.423331,51,0.426012,0.419581,0.508811,0.438086
332,33,0.493887,49,0.492679,0.530566,0.583094,0.492679
333,57,0.547733,47,0.546667,0.571467,0.592,0.545333
334,69,0.547212,44,0.552298,0.554548,0.601308,0.547412
335,78,0.355333,42,0.358667,0.38,0.512667,0.36
336,93,0.438133,48,0.4392,0.4392,0.5928,0.4368
337,33,0.493887,47,0.481509,0.51683,0.583094,0.493887
338,7,0.853809,45,0.853809,0.860766,0.853809,0.853809
339,57,0.547733,49,0.5472,0.571467,0.6016,0.547733
340,93,0.4336,46,0.4408,0.4416,0.5928,0.442933
341,45,0.706179,47,0.701742,0.708651,0.735997,0.70996
342,21,0.491429,49,0.491429,0.491429,0.509333,0.491429
343,81,0.386667,48,0.390133,0.400267,0.493867,0.390133
344,4,0.393333,43,0.393333,0.393333,0.453333,0.393333
345,45,0.70147,49,0.69956,0.708651,0.735997,0.703997
346,21,0.491429,47,0.491429,0.491429,0.538667,0.491429
347,48,0.546949,51,0.59183,0.5957,0.595879,0.559357
348,81,0.3872,46,0.392267,0.4016,0.493867,0.3888
349,13,0.608325,45,0.608325,0.608325,0.667037,0.608325
350,44,0.545007,50,0.545007,0.545007,0.575787,0.557813
351,8,0.869492,42,0.869492,0.869492,0.869492,0.869492
352,49,0.62496,48,0.62496,0.62976,0.65408,0.624
353,112,0.3276,42,0.3292,0.346,0.429333,0.33
354,103,0.610475,44,0.627894,0.61861,0.657717,0.609726
355,66,0.800667,43,0.800667,0.800667,0.824,0.800667
356,20,0.457249,50,0.457249,0.5148,0.457249,0.470453
357,77,0.477333,45,0.48,0.48,0.532667,0.48
358,49,0.62496,46,0.62496,0.6312,0.65408,0.62496
359,80,0.470187,51,0.472816,0.487969,0.497032,0.474707
360,80,0.46838,44,0.475046,0.496844,0.495801,0.473405
361,91,0.501333,42,0.503467,0.502667,0.545867,0.502933
362,20,0.457249,45,0.457249,0.512032,0.457249,0.470453
363,31,0.518933,43,0.518933,0.546667,0.518933,0.518933
364,77,0.477333,50,0.475333,0.477333,0.532667,0.474667
365,103,0.605441,51,0.625325,0.616579,0.662479,0.606346
366,13,0.584339,50,0.584339,0.608325,0.667037,0.584339
367,55,0.763102,43,0.766694,0.766694,0.819677,0.763102
368,44,0.545007,45,0.545007,0.545007,0.575787,0.557813
369,102,0.472713,48,0.478463,0.473839,0.515606,0.477101
370,59,0.572167,42,0.573333,0.573167,0.634833,0.57
371,48,0.569332,44,0.56927,0.6101,0.585927,0.561322
372,76,0.666667,47,0.666667,0.669333,0.723333,0.666667
373,12,0.576,49,0.576,0.576,0.576,0.576
374,102,0.474269,46,0.47804,0.473407,0.51534,0.477886
375,76,0.666667,49,0.666667,0.669333,0.723333,0.666667
376,12,0.576,47,0.576,0.576,0.576,0.576
377,53,0.564,50,0.568,0.58,0.604,0.564
378,15,0.552667,43,0.552667,0.552667,0.552667,0.552667
379,105,0.658333,42,0.660933,0.659667,0.7154,0.660667
380,114,0.484687,44,0.508612,0.522769,0.549037,0.482976
381,71,0.528,43,0.53,0.528,0.569333,0.528
382,37,0.91488,50,0.91488,0.91488,0.91488,0.91488
383,60,0.645228,45,0.649596,0.66524,0.714941,0.650162
384,97,0.3888,51,0.3936,0.404267,0.549867,0.390933
385,36,0.56,49,0.56,0.56,0.642286,0.56
386,52,0.590667,47,0.590667,0.592,0.613333,0.590667
387,96,0.640533,48,0.6416,0.6432,0.7592,0.6424
388,36,0.56,47,0.56,0.56,0.642286,0.56
389,19,0.5304,42,0.5304,0.564,0.5304,0.5304
390,2,0.701667,45,0.701667,0.701667,0.701667,0.701667
391,52,0.590667,49,0.590667,0.593333,0.605333,0.590667
392,109,0.442533,43,0.449733,0.4432,0.5232,0.438667
393,118,0.493333,45,0.4928,0.492,0.561867,0.4944
394,96,0.6408,46,0.644267,0.645867,0.7608,0.6424
395,115,0.616133,48,0.616133,0.6156,0.661067,0.6148
396,118,0.4936,50,0.493467,0.493733,0.561867,0.494133
397,2,0.701667,50,0.701667,0.701667,0.701667,0.701667
398,61,0.498857,47,0.503,0.498286,0.548714,0.498857
399,115,0.615467,46,0.615467,0.617733,0.661067,0.617333
400,61,0.502286,49,0.503286,0.501714,0.548714,0.502286
401,97,0.394133,44,0.393333,0.4032,0.549867,0.392533
402,86,0.632,42,0.633867,0.636,0.7336,0.632267
403,119,0.6456,47,0.6528,0.653467,0.776,0.646933
404,3,0.45,47,0.45,0.476667,0.45,0.45
405,37,0.91488,45,0.91488,0.91488,0.91488,0.91488
406,26,0.594667,43,0.594667,0.594667,0.689333,0.594667
407,60,0.646877,50,0.650703,0.672626,0.713915,0.640436
408,114,0.487826,51,0.502535,0.52406,0.549085,0.489642
409,119,0.646267,49,0.652667,0.6556,0.777067,0.6456
410,42,0.66,43,0.66,0.669333,0.713333,0.66
411,3,0.45,49,0.45,0.476667,0.45,0.45
412,53,0.564,45,0.565333,0.597333,0.628,0.564
413,94,0.491776,42,0.489042,0.52987,0.538711,0.491598
414,85,0.625867,44,0.631733,0.630667,0.734933,0.623733
415,34,0.699662,43,0.699662,0.700622,0.760782,0.699662
416,72,0.508667,50,0.508667,0.508667,0.6,0.518667
417,25,0.492078,45,0.524078,0.502745,0.525804,0.492078
418,106,0.5616,51,0.572133,0.561867,0.643067,0.562667
419,41,0.514857,45,0.514857,0.514857,0.600571,0.514857
420,16,0.785882,50,0.785882,0.943922,0.785882,0.785882
421,50,0.557,43,0.552333,0.552333,0.661167,0.555333
422,107,0.75016,48,0.749536,0.751216,0.801328,0.750688
423,73,0.574667,47,0.571333,0.602667,0.690667,0.574
424,17,0.451753,49,0.451753,0.474903,0.451753,0.451753
425,98,0.510206,43,0.51688,0.510606,0.596251,0.529387
426,89,0.4672,45,0.4672,0.4672,0.483467,0.4672
427,107,0.751072,46,0.751856,0.75032,0.801328,0.750048
428,73,0.572,49,0.576667,0.603333,0.697333,0.575333
429,38,0.575754,42,0.579742,0.649502,0.589514,0.589871
430,17,0.451753,47,0.451753,0.474903,0.460303,0.460303
431,29,0.692655,44,0.692655,0.6992,0.692655,0.692655
432,40,0.564382,47,0.565354,0.58304,0.633083,0.565354
433,29,0.692655,51,0.692655,0.6992,0.743855,0.693236
434,24,0.614333,49,0.614333,0.614333,0.725889,0.614333
435,84,0.704059,48,0.706117,0.701215,0.740907,0.702741
436,89,0.4672,50,0.4672,0.4672,0.483467,0.468
437,40,0.565354,49,0.565354,0.58304,0.633083,0.564382
438,1,0.692,43,0.692,0.692,0.692,0.692
439,24,0.614333,47,0.614333,0.614333,0.683778,0.614333
440,84,0.704906,46,0.705507,0.704236,0.740838,0.700919
441,41,0.514857,50,0.514857,0.514857,0.600571,0.514857
442,28,0.474453,46,0.477333,0.501609,0.478877,0.474453
443,16,0.785882,45,0.785882,0.943922,0.785882,0.785882
444,106,0.5612,44,0.572133,0.5628,0.643067,0.562
445,117,0.712933,42,0.7148,0.715867,0.787733,0.7144
446,88,0.450607,47,0.45521,0.45458,0.492846,0.45341
447,28,0.474453,48,0.477333,0.494438,0.501892,0.474453
448,72,0.508667,45,0.508667,0.508667,0.6,0.508667
449,63,0.452093,43,0.466028,0.459329,0.51676,0.458966
450,25,0.492078,50,0.524078,0.502745,0.525804,0.492078
451,85,0.616533,51,0.6336,0.632533,0.7344,0.6208
452,88,0.440593,49,0.456441,0.449598,0.500421,0.454438
453,53,0.564,48,0.565333,0.588,0.657333,0.564
454,3,0.45,44,0.45,0.476667,0.45,0.45
455,37,0.91488,46,0.91488,0.91488,0.91488,0.91488
456,18,0.736364,43,0.736364,0.736364,0.736364,0.736364
457,97,0.3936,47,0.393333,0.401867,0.549067,0.392267
458,108,0.485867,42,0.495333,0.5252,0.648667,0.488933
459,119,0.646267,44,0.6528,0.6564,0.7768,0.647067
460,53,0.564,46,0.565333,0.597333,0.650667,0.564
461,37,0.91488,48,0.91488,0.91488,0.91488,0.91488
462,97,0.394133,49,0.396533,0.4008,0.549867,0.3952
463,36,0.56,51,0.56,0.56,0.642286,0.56
464,70,0.644535,42,0.653172,0.655382,0.679831,0.648234
465,61,0.502857,44,0.502,0.500571,0.548714,0.500571
466,96,0.641067,50,0.643733,0.646667,0.7592,0.6424
467,14,0.578815,42,0.578815,0.578815,0.632741,0.589333
468,52,0.590667,51,0.590667,0.593333,0.601333,0.590667
469,104,0.419733,43,0.428667,0.438,0.5468,0.4196
470,115,0.6168,45,0.615733,0.6152,0.661067,0.6152
471,118,0.493467,48,0.493733,0.491733,0.561867,0.494533
472,115,0.6164,50,0.615867,0.616,0.661067,0.614933
473,43,0.56,42,0.56,0.56,0.598667,0.56
474,52,0.590667,44,0.590667,0.593333,0.625333,0.592
475,2,0.701667,48,0.701667,0.701667,0.701667,0.701667
476,118,0.492,46,0.4932,0.493733,0.561867,0.4944
477,96,0.640533,45,0.643467,0.6432,0.7608,0.641867
478,87,0.492533,43,0.502667,0.499733,0.6096,0.4944
479,36,0.56,44,0.56,0.56,0.642286,0.56
480,61,0.501143,51,0.503714,0.505143,0.548714,0.498286
481,27,0.788078,42,0.788078,0.788706,0.805961,0.788078
482,2,0.701667,46,0.701667,0.701667,0.701667,0.701667
483,114,0.479725,47,0.496684,0.531501,0.549473,0.495304
484,60,0.652772,48,0.652255,0.667604,0.720578,0.647689
485,119,0.6456,51,0.653067,0.656,0.777067,0.648
486,114,0.480268,49,0.498882,0.529468,0.549015,0.485404
487,60,0.649046,46,0.656343,0.666024,0.713733,0.646428
488,3,0.45,51,0.45,0.476667,0.45,0.45
489,106,0.561333,47,0.572267,0.5648,0.643067,0.5592
490,99,0.656416,42,0.655424,0.656512,0.707392,0.657888
491,88,0.449967,44,0.452371,0.454318,0.495626,0.451749
492,39,0.730552,43,0.730552,0.744558,0.782939,0.730552
493,28,0.474453,45,0.477333,0.500518,0.478877,0.474453
494,16,0.785882,46,0.785882,0.943922,0.785882,0.785882
495,72,0.508667,48,0.508667,0.508667,0.6,0.508667
496,106,0.560133,49,0.571467,0.5632,0.643067,0.561467
497,16,0.785882,48,0.785882,0.943922,0.785882,0.785882
498,72,0.508667,46,0.508667,0.508667,0.6,0.514
499,107,0.751696,50,0.75096,0.750512,0.801328,0.752256
500,40,0.565354,44,0.565354,0.568886,0.633083,0.565354
501,51,0.616571,42,0.616571,0.616571,0.659048,0.616571
502,17,0.451753,51,0.451753,0.474903,0.460303,0.451753
503,95,0.687409,43,0.69055,0.690728,0.723802,0.686353
504,84,0.70485,45,0.705103,0.703678,0.740838,0.703086
505,73,0.571333,51,0.575333,0.606,0.601333,0.571333
506,35,0.319405,42,0.348764,0.356283,0.447866,0.321287
507,24,0.614333,44,0.614333,0.614333,0.691,0.614333
508,73,0.574,44,0.572,0.603333,0.612667,0.570667
509,24,0.614333,51,0.614333,0.614333,0.711444,0.614333
510,62,0.644138,42,0.6447,0.646645,0.694368,0.643081
511,29,0.692655,49,0.692655,0.699782,0.755055,0.693236
512,89,0.4672,48,0.4672,0.4672,0.483467,0.468
513,84,0.702176,50,0.704842,0.703308,0.740838,0.704404
514,40,0.564382,51,0.564382,0.568886,0.633083,0.564382
515,17,0.451753,44,0.460303,0.474903,0.451753,0.451753
516,29,0.693236,47,0.692655,0.6992,0.693236,0.692655
517,89,0.4672,46,0.4672,0.4672,0.483467,0.468
518,107,0.751664,45,0.752,0.75064,0.801328,0.748336
519,116,0.426533,43,0.428,0.433733,0.483067,0.4316
520,25,0.492078,46,0.524078,0.502745,0.525804,0.492078
521,41,0.514857,48,0.514857,0.514857,0.600571,0.514857
522,85,0.6168,47,0.6304,0.632267,0.734933,0.617067
523,25,0.492078,48,0.524078,0.502745,0.534745,0.492078
524,41,0.514857,46,0.514857,0.514857,0.600571,0.514857
525,28,0.474453,50,0.477333,0.501609,0.501892,0.474453
526,88,0.442201,51,0.449626,0.450001,0.491134,0.448705
527,85,0.619467,49,0.6296,0.631467,0.734933,0.621333
528,110,0.653323,50,0.660733,0.653712,0.689245,0.653935
529,57,0.549067,44,0.549067,0.586133,0.588,0.5472
530,7,0.853809,48,0.853809,0.865114,0.853809,0.853809
531,69,0.548646,47,0.555166,0.558575,0.595692,0.547206
532,46,0.590133,42,0.590133,0.6024,0.662933,0.590133
533,82,0.424,43,0.422667,0.428267,0.462133,0.423467
534,93,0.436,45,0.44,0.438667,0.5928,0.442133
535,64,0.574758,51,0.582129,0.579258,0.634924,0.573508
536,22,0.485333,42,0.485333,0.485333,0.496,0.485333
537,33,0.493887,44,0.493887,0.512302,0.583094,0.493887
538,69,0.551954,49,0.570148,0.561785,0.604114,0.556929
539,7,0.853809,46,0.853809,0.859896,0.853809,0.853809
540,111,0.718871,47,0.718824,0.718973,0.767059,0.719851
541,65,0.613245,48,0.632078,0.647779,0.676997,0.615344
542,68,0.742209,50,0.745569,0.748453,0.768864,0.742449
543,111,0.715882,49,0.719561,0.717757,0.767059,0.720863
544,65,0.625531,46,0.630871,0.641469,0.67919,0.620816
545,6,0.673333,51,0.673333,0.673333,0.673333,0.673333
546,56,0.493333,48,0.497333,0.493333,0.589333,0.493333
547,6,0.673333,44,0.673333,0.673333,0.673333,0.673333
548,32,0.517333,46,0.517333,0.541333,0.517333,0.517333
549,92,0.419225,47,0.421881,0.424474,0.51084,0.42743
550,68,0.742689,45,0.745089,0.748856,0.768224,0.743169
551,56,0.496,46,0.497333,0.493333,0.589333,0.493333
552,79,0.664973,43,0.668813,0.666416,0.702996,0.665473
553,32,0.517333,48,0.517333,0.541333,0.530667,0.517333
554,92,0.421472,49,0.423072,0.423053,0.510896,0.431631
555,64,0.576258,44,0.578742,0.577924,0.67972,0.577591
556,33,0.496453,51,0.493887,0.530566,0.575849,0.493887
557,75,0.476996,42,0.477396,0.476996,0.500863,0.476996
558,93,0.436267,50,0.441333,0.439467,0.5928,0.438667
559,11,0.629333,42,0.629333,0.629333,0.629333,0.629333
560,57,0.545333,51,0.544,0.564533,0.586933,0.547733
561,110,0.652654,45,0.66065,0.654747,0.688693,0.654476
562,101,0.449333,43,0.4576,0.458267,0.567067,0.448
563,21,0.491429,51,0.491429,0.491429,0.521143,0.491429
564,67,0.456,42,0.462667,0.47,0.536,0.46
565,48,0.566354,47,0.579638,0.579233,0.583886,0.552656
566,76,0.666667,44,0.666667,0.669333,0.723333,0.666667
567,81,0.3856,50,0.3928,0.398667,0.493867,0.389333
568,9,0.828085,43,0.828085,0.828085,0.828085,0.828085
569,48,0.556451,49,0.551422,0.59586,0.585678,0.548836
570,12,0.576,44,0.576,0.576,0.576,0.576
571,45,0.700889,51,0.725888,0.705742,0.735997,0.714906
572,113,0.495067,43,0.496133,0.494933,0.6204,0.4936
573,102,0.47339,45,0.481422,0.473795,0.515606,0.476878
574,20,0.457249,46,0.457249,0.512032,0.457249,0.470453
575,49,0.62496,50,0.62608,0.62816,0.65408,0.62512
576,5,0.397471,42,0.397471,0.397471,0.397471,0.397471
577,44,0.545007,48,0.545007,0.545007,0.575787,0.557813
578,80,0.464453,47,0.465216,0.496364,0.496792,0.468841
579,20,0.457249,48,0.457249,0.511322,0.457249,0.470453
580,44,0.545007,46,0.545007,0.545007,0.575787,0.557813
581,80,0.475198,49,0.477696,0.492755,0.495178,0.466885
582,103,0.613009,47,0.623786,0.615652,0.658006,0.607646
583,13,0.608325,46,0.608325,0.608325,0.667037,0.608325
584,77,0.477333,48,0.474667,0.48,0.532667,0.478667
585,103,0.610971,49,0.618231,0.614374,0.66068,0.610404
586,13,0.584339,48,0.608325,0.608325,0.667037,0.584339
587,58,0.670749,43,0.675069,0.678502,0.68288,0.674429
588,77,0.474667,46,0.478,0.48,0.532667,0.48
589,49,0.62384,45,0.62608,0.62912,0.65408,0.62624
590,102,0.472933,50,0.47942,0.474091,0.51534,0.476597
591,54,0.466667,42,0.466667,0.468,0.532,0.468
592,12,0.576,51,0.576,0.576,0.576,0.576
593,45,0.700307,44,0.709398,0.70007,0.735997,0.697742
594,81,0.3888,45,0.3976,0.402667,0.493867,0.382667
595,90,0.568144,43,0.574499,0.567797,0.612636,0.569632
596,120,0.501905,43,0.503128,0.502121,0.57324,0.504099
597,21,0.491429,44,0.491429,0.491429,0.511238,0.491429
598,76,0.666667,51,0.666667,0.669333,0.723333,0.666667
599,30,0.607939,42,0.609219,0.607939,0.666424,0.607939
600,89,0.4672,47,0.4672,0.4672,0.483467,0.4672
601,107,0.751184,44,0.752448,0.752352,0.801328,0.751136
602,116,0.425467,42,0.427733,0.435867,0.483067,0.430933
603,40,0.565354,50,0.565354,0.58304,0.632135,0.565354
604,17,0.460303,45,0.460303,0.474903,0.460303,0.460303
605,29,0.692655,46,0.692655,0.6992,0.692655,0.692655
606,89,0.4672,49,0.4672,0.4672,0.483467,0.468
607,84,0.704971,51,0.704881,0.703293,0.740838,0.703337
608,73,0.57,45,0.569333,0.61,0.622,0.572667
609,24,0.614333,50,0.614333,0.614333,0.733778,0.614333
610,62,0.646494,43,0.648058,0.641043,0.694368,0.646117
611,29,0.692655,48,0.692655,0.6992,0.743855,0.693236
612,88,0.444694,50,0.458959,0.458874,0.497923,0.440832
613,85,0.6216,48,0.625067,0.6272,0.734933,0.6176
614,25,0.492078,49,0.524078,0.502745,0.534745,0.492078
615,41,0.514857,47,0.514857,0.514857,0.600571,0.514857
616,28,0.474453,51,0.477333,0.500518,0.475081,0.474453
617,85,0.616533,46,0.634133,0.6368,0.734933,0.618933
618,25,0.492078,47,0.524078,0.502745,0.525804,0.492078
619,41,0.514857,49,0.514857,0.514857,0.600571,0.514857
620,16,0.785882,49,0.785882,0.943922,0.785882,0.785882
621,72,0.508667,47,0.508667,0.508667,0.6,0.513333
622,106,0.561467,48,0.575467,0.563733,0.643067,0.561067
623,39,0.730552,42,0.730552,0.761891,0.782939,0.730552
624,28,0.474453,44,0.477333,0.501609,0.478877,0.474453
625,16,0.785882,47,0.785882,0.943922,0.785882,0.785882
626,72,0.508667,49,0.508667,0.508667,0.6,0.512
627,106,0.561467,46,0.568533,0.562933,0.643067,0.5608
628,99,0.656,43,0.65632,0.658016,0.703776,0.656896
629,88,0.451534,45,0.454993,0.448175,0.493057,0.447378
630,73,0.571333,50,0.574,0.608,0.605333,0.571333
631,35,0.321258,43,0.331131,0.368663,0.447539,0.321287
632,24,0.614333,45,0.614333,0.614333,0.701111,0.614333
633,95,0.687047,42,0.692977,0.691319,0.723802,0.686987
634,84,0.704449,44,0.704072,0.704382,0.740838,0.702835
635,40,0.565354,45,0.565354,0.568886,0.633083,0.564382
636,51,0.616571,43,0.616571,0.616571,0.659048,0.616571
637,17,0.460303,50,0.460303,0.474903,0.451753,0.460303
638,107,0.751488,51,0.749712,0.750512,0.801328,0.7508
639,36,0.56,45,0.56,0.56,0.642286,0.56
640,61,0.501714,50,0.500286,0.504571,0.548714,0.501143
641,27,0.788078,43,0.788078,0.788706,0.807216,0.788078
642,2,0.701667,47,0.701667,0.701667,0.701667,0.701667
643,118,0.4932,47,0.4932,0.4924,0.561867,0.493867
644,96,0.641333,44,0.643467,0.648267,0.76,0.642933
645,87,0.497067,42,0.5056,0.500267,0.6096,0.496
646,43,0.56,43,0.56,0.56,0.598667,0.56
647,52,0.590667,45,0.590667,0.593333,0.604,0.590667
648,2,0.701667,49,0.701667,0.701667,0.701667,0.701667
649,118,0.4936,49,0.493333,0.492533,0.561867,0.494267
650,115,0.614533,51,0.6156,0.616267,0.661067,0.616267
651,60,0.658715,47,0.651871,0.66598,0.715018,0.649572
652,3,0.45,50,0.45,0.476667,0.45,0.45
653,119,0.643867,50,0.656533,0.6552,0.777067,0.648667
654,114,0.48757,48,0.498367,0.528093,0.549766,0.486104
655,60,0.654343,49,0.643745,0.661976,0.717786,0.652634
656,114,0.484284,46,0.506954,0.531718,0.545965,0.489795
657,97,0.390133,48,0.393067,0.4048,0.549867,0.3992
658,53,0.564,47,0.565333,0.593333,0.592,0.564
659,37,0.91488,49,0.91488,0.91488,0.91488,0.91488
660,97,0.389867,46,0.3992,0.4064,0.549867,0.395467
661,108,0.487333,43,0.494267,0.520267,0.648667,0.4876
662,119,0.647733,45,0.6532,0.657333,0.777067,0.646533
663,53,0.565333,49,0.564,0.588,0.630667,0.564
664,3,0.45,45,0.45,0.476667,0.45,0.45
665,37,0.91488,47,0.91488,0.91488,0.91488,0.91488
666,18,0.736364,42,0.736364,0.736364,0.736364,0.736364
667,104,0.42,42,0.432667,0.4376,0.547067,0.417733
668,115,0.617333,44,0.6168,0.6152,0.661067,0.615733
669,14,0.578815,43,0.578815,0.578815,0.632741,0.589333
670,52,0.590667,50,0.590667,0.590667,0.604,0.592
671,96,0.640267,51,0.642933,0.650667,0.7608,0.643733
672,36,0.56,50,0.56,0.56,0.642286,0.56
673,70,0.645849,43,0.655846,0.6732,0.680514,0.653505
674,61,0.501143,45,0.501286,0.5,0.548714,0.501143
675,13,0.584339,49,0.608325,0.608325,0.667037,0.608325
676,58,0.670749,42,0.671709,0.679462,0.672771,0.670749
677,77,0.477333,47,0.474667,0.48,0.532667,0.476667
678,49,0.62496,44,0.62384,0.62672,0.65408,0.62544
679,103,0.610223,48,0.623858,0.620371,0.661038,0.6126
680,13,0.608325,47,0.584339,0.621627,0.667037,0.584339
681,77,0.474667,49,0.48,0.477333,0.532667,0.48
682,103,0.612928,46,0.630751,0.615026,0.656715,0.609919
683,21,0.491429,45,0.491429,0.491429,0.508571,0.491429
684,76,0.666667,50,0.666667,0.669333,0.723333,0.666667
685,30,0.607939,43,0.609859,0.607939,0.673083,0.607939
686,81,0.386133,44,0.396533,0.395467,0.493867,0.387467
687,90,0.566997,42,0.573002,0.571031,0.61292,0.573169
688,120,0.502062,42,0.501678,0.502507,0.573606,0.508337
689,54,0.466667,43,0.466667,0.466667,0.532,0.468
690,12,0.576,50,0.576,0.576,0.576,0.576
691,45,0.70007,45,0.701742,0.692598,0.735997,0.699488
692,102,0.474165,51,0.480512,0.47458,0.515606,0.477784
693,113,0.4956,42,0.497067,0.4948,0.6204,0.4944
694,102,0.473304,44,0.477344,0.472104,0.515606,0.477234
695,9,0.828085,42,0.828085,0.828085,0.828085,0.828085
696,48,0.544976,48,0.561091,0.59874,0.591383,0.566361
697,12,0.576,45,0.576,0.576,0.576,0.576
698,45,0.706033,50,0.714798,0.700889,0.735997,0.70996
699,81,0.386933,51,0.388267,0.400533,0.493867,0.385333
700,21,0.491429,50,0.491429,0.491429,0.527238,0.491429
701,67,0.456,43,0.457333,0.472,0.536,0.460667
702,48,0.56606,46,0.557848,0.58866,0.580091,0.542642
703,76,0.666667,45,0.666667,0.669333,0.723333,0.666667
704,80,0.467346,48,0.473682,0.496555,0.494306,0.47094
705,20,0.457249,49,0.457249,0.512032,0.457249,0.470453
706,44,0.545007,47,0.545007,0.545007,0.575787,0.557813
707,80,0.472444,46,0.487853,0.489467,0.499038,0.47486
708,20,0.457249,47,0.457249,0.511322,0.457249,0.470453
709,49,0.62384,51,0.62544,0.6296,0.65408,0.62624
710,5,0.397471,43,0.397471,0.397471,0.397471,0.397471
711,44,0.545007,49,0.545007,0.545007,0.575787,0.557813
712,92,0.419838,48,0.422907,0.424789,0.511245,0.426558
713,68,0.742929,44,0.745409,0.748453,0.768464,0.742609
714,56,0.494667,47,0.494667,0.493333,0.589333,0.493333
715,79,0.664893,42,0.671053,0.665776,0.703064,0.665793
716,32,0.517333,49,0.517333,0.541333,0.530667,0.517333
717,92,0.421833,46,0.423268,0.433793,0.510939,0.431534
718,56,0.493333,49,0.493333,0.493333,0.589333,0.497333
719,6,0.673333,45,0.673333,0.673333,0.673333,0.673333
720,32,0.517333,47,0.517333,0.541333,0.517333,0.517333
721,110,0.652298,44,0.658227,0.655016,0.689082,0.654784
722,101,0.449067,42,0.462267,0.4584,0.567067,0.4496
723,11,0.629333,43,0.629333,0.629333,0.629333,0.629333
724,57,0.547733,50,0.544,0.597067,0.581333,0.547733
725,93,0.436533,51,0.438667,0.440533,0.5928,0.440533
726,64,0.577508,45,0.580311,0.579424,0.676439,0.576508
727,33,0.496453,50,0.485434,0.512302,0.579925,0.494189
728,75,0.476996,43,0.477396,0.476996,0.500863,0.476996
729,64,0.576424,50,0.580629,0.578674,0.65347,0.575924
730,22,0.485333,43,0.485333,0.485333,0.496,0.485333
731,33,0.493887,45,0.500981,0.530566,0.574792,0.493887
732,69,0.545375,48,0.554532,0.576582,0.607298,0.539286
733,7,0.853809,47,0.853809,0.859896,0.853809,0.853809
734,82,0.425067,42,0.4272,0.426933,0.462133,0.4232
735,93,0.435467,44,0.435467,0.435467,0.5928,0.440533
736,57,0.5472,45,0.5512,0.593867,0.604,0.547733
737,7,0.853809,49,0.853809,0.859896,0.853809,0.853809
738,69,0.547902,46,0.567065,0.566988,0.596,0.556612
739,46,0.590133,43,0.590133,0.602133,0.6864,0.590133
740,110,0.652728,51,0.661592,0.65444,0.688792,0.654754
741,65,0.624415,47,0.632167,0.64766,0.682718,0.622265
742,6,0.673333,50,0.673333,0.673333,0.673333,0.673333
743,111,0.716949,48,0.718612,0.719498,0.767059,0.719522
744,65,0.626554,49,0.638874,0.636633,0.675735,0.621224
745,68,0.742689,51,0.744689,0.748613,0.768944,0.742609
746,111,0.719224,46,0.718306,0.717553,0.767059,0.722078
747,13,0.608325,51,0.608325,0.608325,0.667037,0.608325
748,55,0.763102,42,0.763102,0.763102,0.819677,0.763102
749,44,0.545007,44,0.545007,0.545007,0.575787,0.557813
750,103,0.605422,50,0.626568,0.619968,0.657849,0.615895
751,20,0.457249,44,0.457249,0.511322,0.457249,0.470453
752,31,0.518933,42,0.518933,0.546667,0.518933,0.518933
753,77,0.477333,51,0.474667,0.48,0.532667,0.478667
754,80,0.479048,45,0.478828,0.49342,0.501208,0.478038
755,91,0.502667,43,0.501067,0.503467,0.545867,0.504
756,76,0.666667,48,0.666667,0.669333,0.723333,0.666667
757,12,0.576,46,0.576,0.576,0.576,0.576
758,102,0.475026,47,0.48077,0.474521,0.515606,0.477456
759,59,0.577167,43,0.577167,0.576,0.631333,0.574833
760,48,0.550168,45,0.562756,0.59634,0.582785,0.552869
761,76,0.666667,46,0.666667,0.669333,0.723333,0.666667
762,12,0.576,48,0.576,0.576,0.576,0.576
763,102,0.472252,49,0.479488,0.472904,0.51534,0.477782
764,81,0.38,47,0.394133,0.3968,0.493867,0.385867
765,4,0.393333,42,0.393333,0.393333,0.453333,0.393333
766,45,0.699342,48,0.72247,0.699779,0.735997,0.70676
767,21,0.491429,46,0.491429,0.491429,0.541714,0.491429
768,48,0.553538,50,0.587703,0.58898,0.602142,0.559216
769,81,0.3856,49,0.392267,0.4,0.493867,0.383467
770,45,0.706033,46,0.70407,0.708651,0.735997,0.697742
771,21,0.491429,48,0.491429,0.491429,0.513524,0.491429
772,80,0.470389,50,0.488201,0.497903,0.495089,0.46819
773,66,0.800667,42,0.800667,0.800667,0.820667,0.800667
774,20,0.457249,51,0.457249,0.512032,0.457249,0.470453
775,77,0.477333,44,0.476,0.48,0.532667,0.480667
776,49,0.62512,47,0.62496,0.62656,0.65408,0.62608
777,112,0.323733,43,0.326533,0.349333,0.428933,0.3316
778,103,0.60712,45,0.623113,0.621377,0.659875,0.610188
779,13,0.608325,44,0.584339,0.608325,0.667037,0.608325
780,44,0.545007,51,0.545007,0.545007,0.575787,0.545007
781,8,0.869492,43,0.869492,0.869492,0.869492,0.869492
782,49,0.62544,49,0.62496,0.6296,0.65408,0.62496
783,92,0.419371,50,0.418626,0.423164,0.509335,0.433323
784,65,0.618667,44,0.630398,0.640871,0.674667,0.620609
785,74,0.6605,42,0.663417,0.6665,0.711583,0.662833
786,32,0.517333,51,0.517333,0.541333,0.517333,0.517333
787,111,0.720933,45,0.718596,0.719545,0.767059,0.721004
788,100,0.458933,43,0.4624,0.46,0.565867,0.46
789,56,0.493333,51,0.5,0.493333,0.589333,0.493333
790,10,0.6372,42,0.682075,0.642075,0.696575,0.6372
791,93,0.4384,47,0.435733,0.439733,0.5928,0.440267
792,33,0.492679,46,0.496453,0.516377,0.575849,0.481811
793,7,0.853809,44,0.853809,0.860766,0.853809,0.853809
794,57,0.547733,48,0.549067,0.593867,0.6112,0.546667
795,93,0.437867,49,0.438667,0.439467,0.5928,0.4408
796,33,0.493887,48,0.492679,0.530566,0.575849,0.492679
797,57,0.547733,46,0.549067,0.5688,0.584533,0.547733
798,69,0.545486,45,0.569382,0.554271,0.605218,0.546305
799,78,0.359333,43,0.358667,0.381333,0.504,0.360667
800,69,0.555837,50,0.559009,0.54928,0.605305,0.562966
801,64,0.576091,48,0.580129,0.577258,0.64553,0.577508
802,110,0.653961,47,0.660418,0.655158,0.688953,0.654148
803,7,0.853809,51,0.853809,0.859896,0.853809,0.853809
804,64,0.576174,46,0.578477,0.578508,0.653992,0.576758
805,110,0.652843,49,0.661211,0.653782,0.689284,0.654326
806,6,0.673333,48,0.673333,0.673333,0.673333,0.673333
807,68,0.742689,47,0.745009,0.750262,0.768224,0.742689
808,56,0.493333,44,0.493333,0.493333,0.589333,0.493333
809,47,0.63313,42,0.635311,0.634801,0.662035,0.642151
810,111,0.718463,50,0.719122,0.71898,0.767059,0.721914
811,68,0.742689,49,0.744929,0.748296,0.768624,0.743329
812,6,0.673333,46,0.673333,0.673333,0.673333,0.673333
813,23,0.63909,42,0.643612,0.63909,0.64186,0.63909
814,65,0.617769,51,0.637238,0.649619,0.676323,0.62665
815,32,0.517333,44,0.517333,0.541333,0.538667,0.517333
816,83,0.680267,43,0.681333,0.690133,0.786933,0.678933
817,92,0.419453,45,0.421439,0.424714,0.509227,0.439065
818,84,0.702772,47,0.702997,0.70165,0.740838,0.701782
819,40,0.564382,48,0.565354,0.568886,0.633083,0.564382
820,1,0.692,42,0.692,0.692,0.692,0.692
821,24,0.614333,46,0.614333,0.614333,0.692778,0.614333
822,84,0.702396,49,0.706469,0.702932,0.740838,0.703243
823,89,0.4672,51,0.4672,0.4672,0.483467,0.468
824,40,0.564382,46,0.564382,0.568886,0.633083,0.564382
825,29,0.692655,50,0.692655,0.6992,0.725091,0.693236
826,24,0.614333,48,0.614333,0.614333,0.681667,0.614333
827,85,0.622133,50,0.626933,0.628,0.734933,0.624
828,88,0.450873,48,0.447554,0.459698,0.495899,0.443633
829,28,0.474453,49,0.477333,0.501609,0.478877,0.474453
830,72,0.508667,44,0.508667,0.508667,0.6,0.510667
831,63,0.44137,42,0.453988,0.461499,0.514392,0.458129
832,25,0.492078,51,0.524078,0.502745,0.525804,0.492078
833,106,0.560133,45,0.570933,0.5636,0.643067,0.5612
834,117,0.713467,43,0.712133,0.715733,0.787733,0.713733
835,88,0.444882,46,0.444776,0.469979,0.496815,0.443597
836,41,0.514857,51,0.514857,0.514857,0.600571,0.514857
837,28,0.474453,47,0.476053,0.501609,0.484938,0.474453
838,16,0.785882,44,0.785882,0.943922,0.785882,0.785882
839,41,0.514857,44,0.514857,0.514857,0.600571,0.514857
840,16,0.785882,51,0.785882,0.943922,0.785882,0.785882
841,50,0.539667,42,0.539667,0.564167,0.6815,0.54
842,106,0.561333,50,0.569467,0.562667,0.643067,0.5612
843,34,0.699662,42,0.699662,0.700622,0.760782,0.699662
844,72,0.508667,51,0.508667,0.508667,0.6,0.508667
845,25,0.492078,44,0.524078,0.502745,0.534745,0.492078
846,94,0.491465,43,0.490761,0.523621,0.538798,0.490688
847,85,0.6224,45,0.624533,0.6264,0.734667,0.620533
848,73,0.576,48,0.575333,0.6,0.697333,0.572667
849,38,0.575754,43,0.573292,0.645772,0.583618,0.582314
850,17,0.451753,46,0.451753,0.474903,0.460303,0.451753
851,29,0.692655,45,0.708655,0.6992,0.708655,0.693236
852,98,0.505823,42,0.514562,0.507557,0.59578,0.530078
853,89,0.4672,44,0.4672,0.4672,0.483467,0.468
854,107,0.74888,47,0.74944,0.751216,0.801328,0.750848
855,73,0.570667,46,0.575333,0.594,0.756667,0.572667
856,17,0.451753,48,0.451753,0.474903,0.471136,0.451753
857,107,0.751664,49,0.749184,0.750512,0.801328,0.747216
858,61,0.5,48,0.508571,0.504571,0.548714,0.504
859,115,0.616533,47,0.615867,0.616533,0.661067,0.6152
860,2,0.701667,51,0.701667,0.701667,0.701667,0.701667
861,61,0.500571,46,0.503143,0.508,0.548714,0.500571
862,115,0.615733,49,0.6156,0.616,0.661067,0.615733
863,118,0.4936,51,0.4932,0.491867,0.561867,0.496267
864,42,0.66,42,0.662667,0.665333,0.713333,0.66
865,3,0.45,48,0.45,0.476667,0.45,0.45
866,53,0.564,44,0.564,0.590667,0.601333,0.564
867,114,0.484491,50,0.508667,0.539796,0.549062,0.491655
868,119,0.648,48,0.6556,0.658133,0.777067,0.648
869,3,0.45,46,0.45,0.476667,0.45,0.45
870,37,0.91488,44,0.91488,0.91488,0.91488,0.91488
871,26,0.594667,42,0.594667,0.594667,0.664,0.594667
872,60,0.652986,51,0.653434,0.671382,0.713733,0.659083
873,97,0.3928,45,0.394133,0.4024,0.549867,0.3944
874,86,0.631733,43,0.634667,0.637067,0.715467,0.6328
875,119,0.647333,46,0.655067,0.654133,0.777067,0.646533
876,97,0.3912,50,0.393333,0.406133,0.549867,0.3952
877,71,0.528,42,0.53,0.528,0.569333,0.528
878,37,0.91488,51,0.91488,0.91488,0.91488,0.91488
879,60,0.657826,44,0.643313,0.657253,0.713123,0.680554
880,105,0.659333,43,0.662733,0.659,0.7154,0.659733
881,114,0.479624,45,0.509598,0.538518,0.547427,0.490075
882,53,0.564,51,0.565333,0.584,0.622667,0.564
883,15,0.552667,42,0.552667,0.552667,0.552667,0.552667
884,109,0.442133,42,0.4424,0.445067,0.5232,0.439467
885,118,0.4936,44,0.495067,0.492933,0.561867,0.4952
886,96,0.6408,47,0.642667,0.647733,0.7608,0.644
887,36,0.56,46,0.56,0.56,0.642286,0.56
888,19,0.5304,43,0.5304,0.564,0.5304,0.5304
889,2,0.701667,44,0.701667,0.701667,0.701667,0.701667
890,52,0.590667,48,0.590667,0.593333,0.644,0.590667
891,96,0.641067,49,0.643467,0.6448,0.7608,0.641867
892,36,0.56,48,0.56,0.56,0.642286,0.56
893,52,0.590667,46,0.590667,0.593333,0.616,0.590667
894,11,0.629333,48,0.629333,0.629333,0.629333,0.629333
895,75,0.476996,46,0.477396,0.476996,0.500863,0.476996
896,101,0.449333,49,0.456933,0.462133,0.567067,0.450267
897,11,0.629333,46,0.629333,0.629333,0.629333,0.629333
898,78,0.361333,50,0.360667,0.372,0.504,0.358667
899,75,0.476996,48,0.477396,0.476996,0.500863,0.476996
900,101,0.4468,47,0.463067,0.457333,0.567067,0.4496
901,79,0.664733,49,0.671613,0.667308,0.700163,0.669213
902,23,0.63909,44,0.643612,0.63909,0.64186,0.63909
903,74,0.659083,51,0.662,0.669667,0.709,0.6595
904,32,0.517333,42,0.517333,0.541333,0.528,0.517333
905,83,0.689867,45,0.6896,0.693333,0.786933,0.678133
906,92,0.419176,43,0.421865,0.419299,0.509732,0.432522
907,56,0.493333,42,0.497333,0.493333,0.589333,0.493333
908,10,0.6372,51,0.682075,0.642075,0.696575,0.6372
909,47,0.63313,44,0.636039,0.636437,0.662035,0.642151
910,79,0.664653,47,0.670253,0.667696,0.702591,0.664493
911,100,0.459467,50,0.465333,0.464,0.565867,0.458667
912,111,0.718886,43,0.718753,0.718698,0.767059,0.720667
913,100,0.456533,45,0.464,0.462133,0.565867,0.461067
914,10,0.6372,44,0.682075,0.642075,0.696575,0.6372
915,47,0.642151,51,0.644878,0.634983,0.662035,0.642151
916,83,0.6816,50,0.686667,0.689333,0.786933,0.683733
917,23,0.63909,51,0.643612,0.63909,0.64186,0.63909
918,65,0.618085,42,0.627391,0.646112,0.682622,0.626592
919,74,0.659083,44,0.663,0.663667,0.709167,0.659083
920,82,0.423733,49,0.425333,0.428,0.462133,0.423467
921,22,0.485333,48,0.485333,0.485333,0.496,0.485333
922,69,0.555148,43,0.542594,0.547068,0.604028,0.546511
923,78,0.356667,45,0.358667,0.378,0.502,0.361333
924,46,0.590133,46,0.590133,0.590133,0.683733,0.590133
925,82,0.424267,47,0.426933,0.426133,0.462133,0.423733
926,22,0.485333,46,0.485333,0.485333,0.496,0.485333
927,7,0.853809,42,0.853809,0.859896,0.853809,0.853809
928,46,0.590133,48,0.590133,0.590133,0.6864,0.590133
929,90,0.565107,49,0.575162,0.569624,0.613488,0.568625
930,120,0.501889,49,0.503164,0.500823,0.574045,0.506045
931,54,0.466667,46,0.468,0.466667,0.532,0.469333
932,30,0.607939,48,0.609859,0.607939,0.668487,0.607939
933,90,0.566337,47,0.575141,0.57162,0.613144,0.56939
934,120,0.502255,47,0.503429,0.502858,0.572943,0.505295
935,54,0.466667,48,0.466667,0.466667,0.532,0.469333
936,4,0.393333,44,0.393333,0.393333,0.453333,0.393333
937,59,0.577167,50,0.575333,0.573167,0.625833,0.5765
938,30,0.607939,46,0.609219,0.607939,0.665403,0.607939
939,112,0.329733,45,0.328,0.350133,0.429333,0.3248
940,103,0.608511,43,0.622116,0.620787,0.655956,0.611416
941,13,0.584339,42,0.608325,0.621627,0.667037,0.608325
942,55,0.763102,51,0.763102,0.766694,0.819677,0.763102
943,8,0.869492,45,0.869492,0.869492,0.869492,0.869492
944,58,0.670749,49,0.672029,0.678502,0.679942,0.670749
945,91,0.501867,50,0.502133,0.502933,0.545867,0.504
946,58,0.670749,47,0.671709,0.672029,0.683607,0.670749
947,66,0.800667,44,0.800667,0.802667,0.824,0.800667
948,31,0.518933,51,0.518933,0.546667,0.518933,0.518933
949,77,0.474667,42,0.478,0.477333,0.532667,0.474667
950,66,0.800667,51,0.800667,0.800667,0.824,0.800667
951,20,0.457249,42,0.457249,0.512032,0.457249,0.470453
952,31,0.518933,44,0.518933,0.546667,0.518933,0.518933
953,5,0.397471,46,0.397471,0.397471,0.397471,0.397471
954,80,0.482673,43,0.479016,0.497635,0.499658,0.463167
955,91,0.502933,45,0.502133,0.5024,0.545867,0.503467
956,8,0.869492,50,0.869492,0.869492,0.869492,0.869492
957,55,0.763102,44,0.763102,0.766694,0.819677,0.763102
958,5,0.397471,48,0.397471,0.397471,0.397471,0.397471
959,44,0.545007,42,0.545007,0.545007,0.575787,0.557813
960,112,0.328,50,0.326,0.350933,0.429333,0.327333
961,9,0.828085,49,0.828085,0.828085,0.828085,0.828085
962,67,0.456,46,0.464,0.472,0.536,0.462
963,59,0.572,45,0.577167,0.570167,0.637,0.572167
964,48,0.566139,43,0.587252,0.6037,0.598674,0.567471
965,4,0.393333,51,0.393333,0.393333,0.453333,0.393333
966,113,0.494133,49,0.495867,0.4952,0.6204,0.4948
967,67,0.462,48,0.462667,0.468667,0.536,0.462
968,9,0.828085,47,0.828085,0.828085,0.828085,0.828085
969,113,0.4944,47,0.495333,0.495333,0.6204,0.4952
970,105,0.6582,45,0.662733,0.659,0.715,0.659467
971,114,0.483782,43,0.502104,0.527106,0.551084,0.489341
972,42,0.66,51,0.66,0.666667,0.713333,0.66
973,15,0.552667,44,0.552667,0.552667,0.552667,0.552667
974,86,0.632,50,0.6336,0.6352,0.7344,0.6328
975,71,0.528,44,0.528667,0.528,0.569333,0.528
976,26,0.594667,51,0.594667,0.594667,0.696,0.594667
977,60,0.642554,42,0.656404,0.664962,0.714174,0.655519
978,87,0.494667,49,0.507467,0.496,0.6096,0.4904
979,27,0.788078,48,0.788078,0.788706,0.816784,0.788078
980,43,0.56,46,0.56,0.56,0.598667,0.56
981,109,0.444667,44,0.445467,0.444,0.5232,0.4396
982,118,0.4956,42,0.4924,0.493333,0.561867,0.492533
983,87,0.4968,47,0.503467,0.4992,0.6096,0.492533
984,27,0.788078,46,0.788078,0.788706,0.79702,0.788078
985,19,0.5304,45,0.5304,0.564,0.5304,0.5304
986,43,0.56,48,0.56,0.56,0.598667,0.56
987,2,0.701667,42,0.701667,0.701667,0.701667,0.701667
988,14,0.578815,48,0.578815,0.578815,0.632741,0.578963
989,70,0.644769,46,0.653323,0.675702,0.677671,0.654945
990,19,0.5304,50,0.5304,0.564,0.5304,0.5304
991,104,0.4184,49,0.431067,0.436133,0.547067,0.423067
992,109,0.445333,51,0.445333,0.446133,0.5232,0.446133
993,14,0.578815,46,0.578815,0.578815,0.632741,0.589333
994,70,0.642003,48,0.668068,0.669351,0.677225,0.642609
995,104,0.416267,47,0.4276,0.436933,0.547067,0.423733
996,71,0.528,51,0.528667,0.528,0.569333,0.528
997,37,0.91488,42,0.91488,0.91488,0.91488,0.91488
998,18,0.736364,47,0.736364,0.736364,0.736364,0.736364
999,26,0.594667,44,0.594667,0.594667,0.693333,0.594667
1000,97,0.392,43,0.3936,0.406933,0.549867,0.392267
1001,86,0.633067,45,0.633867,0.635467,0.7344,0.632
1002,108,0.488667,46,0.496267,0.5272,0.648667,0.4884
1003,42,0.66,44,0.662667,0.673333,0.713333,0.661333
1004,53,0.564,42,0.565333,0.58,0.576,0.564
1005,15,0.552667,51,0.552667,0.552667,0.552667,0.552667
1006,18,0.736364,49,0.736364,0.736364,0.736364,0.736364
1007,105,0.6588,50,0.6616,0.660133,0.7154,0.660533
1008,108,0.487467,48,0.5012,0.536267,0.648667,0.4868
1009,34,0.699662,44,0.699662,0.700622,0.760782,0.699662
1010,63,0.448428,51,0.465919,0.459632,0.526408,0.447972
1011,25,0.492078,42,0.524078,0.502745,0.525804,0.492078
1012,94,0.491392,45,0.497152,0.514482,0.539131,0.498222
1013,85,0.617867,43,0.6272,0.637333,0.734933,0.622133
1014,41,0.514857,42,0.514857,0.514857,0.600571,0.514857
1015,50,0.543333,44,0.5455,0.565833,0.654833,0.543333
1016,117,0.7148,50,0.714133,0.715733,0.787733,0.715467
1017,62,0.643609,46,0.648868,0.639987,0.694368,0.638745
1018,1,0.692,51,0.692,0.692,0.692,0.692
1019,116,0.428933,49,0.4252,0.437067,0.483067,0.428267
1020,62,0.642855,48,0.644717,0.640138,0.694368,0.644909
1021,38,0.575754,45,0.577489,0.646092,0.629871,0.579311
1022,29,0.693236,43,0.692655,0.699782,0.708655,0.693236
1023,98,0.507615,44,0.50253,0.509914,0.595633,0.533204
1024,89,0.4672,42,0.4672,0.4672,0.483467,0.468
1025,116,0.428,47,0.428133,0.439467,0.483067,0.429333
1026,95,0.689812,49,0.688243,0.688029,0.723802,0.686383
1027,98,0.502434,51,0.509977,0.509422,0.597147,0.528234
1028,38,0.573292,50,0.598351,0.649883,0.577157,0.575852
1029,51,0.616571,46,0.616571,0.616571,0.659048,0.616571
1030,35,0.321287,48,0.323438,0.368663,0.447539,0.321258
1031,95,0.687699,47,0.693116,0.689563,0.723802,0.687107
1032,51,0.616571,48,0.616571,0.616571,0.659048,0.616571
1033,1,0.692,44,0.692,0.692,0.692,0.692
1034,35,0.350319,46,0.348764,0.353393,0.447866,0.321287
1035,106,0.5604,43,0.572533,0.565467,0.642667,0.559867
1036,117,0.715333,45,0.714,0.716933,0.787733,0.714533
1037,99,0.654624,46,0.657536,0.652736,0.705888,0.654496
1038,39,0.730552,47,0.733552,0.747558,0.782939,0.730552
1039,16,0.785882,42,0.785882,0.943922,0.785882,0.785882
1040,50,0.5505,51,0.546333,0.565833,0.573667,0.539667
1041,94,0.487831,50,0.501646,0.520389,0.543081,0.500512
1042,99,0.656064,48,0.659648,0.655168,0.705952,0.657312
1043,39,0.730552,49,0.730552,0.745891,0.782939,0.730552
1044,34,0.699662,51,0.699662,0.700622,0.761742,0.699662
1045,72,0.508667,42,0.508667,0.508667,0.6,0.513333
1046,63,0.443115,44,0.45021,0.464541,0.51676,0.456044
1047,86,0.631467,46,0.633333,0.638133,0.695467,0.631467
1048,108,0.4872,45,0.496267,0.532533,0.6476,0.487333
1049,119,0.642133,43,0.655867,0.654533,0.777067,0.647867
1050,42,0.661333,49,0.662667,0.664,0.713333,0.661333
1051,3,0.45,43,0.45,0.476667,0.45,0.45
1052,18,0.736364,44,0.736364,0.736364,0.736364,0.736364
1053,26,0.594667,47,0.594667,0.594667,0.686667,0.596
1054,86,0.632267,48,0.6344,0.6352,0.7344,0.6336
1055,42,0.66,47,0.661333,0.668,0.713333,0.66
1056,26,0.594667,49,0.594667,0.594667,0.676,0.594667
1057,87,0.501067,51,0.493867,0.4984,0.6096,0.501067
1058,70,0.642382,45,0.65136,0.673606,0.681074,0.651738
1059,61,0.497143,43,0.505857,0.500571,0.548714,0.502857
1060,27,0.788078,50,0.788078,0.788706,0.816471,0.788078
1061,104,0.4204,44,0.4344,0.444,0.547067,0.422667
1062,115,0.6152,42,0.6152,0.616133,0.661067,0.616533
1063,43,0.56,50,0.56,0.56,0.598667,0.56
1064,14,0.578815,45,0.578815,0.578815,0.632741,0.578963
1065,19,0.5304,48,0.5304,0.564,0.5304,0.5304
1066,43,0.56,45,0.56,0.56,0.598667,0.56
1067,14,0.578815,50,0.578815,0.578815,0.632741,0.589333
1068,52,0.592,43,0.590667,0.593333,0.613333,0.590667
1069,109,0.445067,49,0.45,0.446,0.5232,0.442
1070,104,0.420933,51,0.435867,0.438667,0.547067,0.4172
1071,36,0.56,43,0.56,0.56,0.642286,0.56
1072,70,0.645929,50,0.649825,0.683535,0.676212,0.649388
1073,27,0.788078,45,0.788078,0.788706,0.816157,0.788078
1074,19,0.5304,46,0.5304,0.564,0.5304,0.5304
1075,109,0.4428,47,0.446267,0.440267,0.5232,0.441067
1076,96,0.6416,42,0.643467,0.645333,0.7608,0.639733
1077,87,0.490133,44,0.502933,0.504267,0.6096,0.4984
1078,71,0.528,49,0.529333,0.528,0.569333,0.528
1079,15,0.552667,47,0.552667,0.552667,0.552667,0.552667
1080,105,0.658933,46,0.661067,0.658333,0.7154,0.660267
1081,71,0.528,47,0.530667,0.528,0.569333,0.528
1082,18,0.736364,51,0.736364,0.736364,0.736364,0.736364
1083,15,0.552667,49,0.552667,0.552667,0.552667,0.552667
1084,108,0.485333,50,0.4964,0.529067,0.648667,0.488933
1085,105,0.6588,48,0.6624,0.659533,0.7154,0.6592
1086,39,0.730552,44,0.733552,0.761891,0.782939,0.730552
1087,28,0.474453,42,0.477333,0.501609,0.479693,0.474453
1088,63,0.443293,49,0.451051,0.465107,0.52076,0.443511
1089,117,0.7128,46,0.7164,0.715067,0.787733,0.712267
1090,99,0.65632,45,0.656832,0.65616,0.70448,0.657184
1091,88,0.445268,43,0.452511,0.454928,0.492925,0.444445
1092,63,0.457596,47,0.45659,0.449451,0.520655,0.44779
1093,117,0.713733,48,0.715333,0.718533,0.787733,0.714
1094,40,0.565354,43,0.564382,0.568886,0.632135,0.564554
1095,1,0.692,49,0.692,0.692,0.692,0.692
1096,51,0.616571,45,0.616571,0.616571,0.659048,0.616571
1097,116,0.4268,51,0.427467,0.434,0.483067,0.427733
1098,1,0.692,47,0.692,0.692,0.692,0.692
1099,35,0.321287,45,0.344029,0.356283,0.447539,0.319405
1100,24,0.614333,43,0.614333,0.614333,0.720889,0.614333
1101,62,0.643023,50,0.652796,0.642402,0.694368,0.645136
1102,95,0.687983,44,0.690115,0.689973,0.723802,0.687137
1103,84,0.704034,42,0.705855,0.702943,0.740838,0.704292
1104,98,0.512146,49,0.510176,0.513194,0.596128,0.526565
1105,95,0.68593,51,0.688285,0.689852,0.723802,0.687349
1106,73,0.577333,43,0.571333,0.600667,0.688667,0.576
1107,35,0.332466,50,0.348764,0.358214,0.447539,0.321287
1108,62,0.648121,45,0.648583,0.646192,0.694368,0.64423
1109,38,0.575754,48,0.573292,0.628332,0.630191,0.583852
1110,98,0.508293,47,0.509429,0.511317,0.596251,0.529045
1111,107,0.752048,42,0.751088,0.751792,0.801328,0.751024
1112,116,0.4256,44,0.432267,0.433733,0.483067,0.428133
1113,38,0.582351,46,0.575754,0.653982,0.626191,0.595286
1114,51,0.616571,50,0.616571,0.616571,0.659048,0.616571
1115,17,0.451753,43,0.451753,0.474903,0.471136,0.451753
1116,94,0.492151,46,0.495593,0.527383,0.538912,0.496439
1117,34,0.699662,47,0.699662,0.700622,0.761742,0.699662
1118,50,0.54,49,0.559167,0.557167,0.664,0.543333
1119,99,0.655744,50,0.657056,0.657728,0.704256,0.656288
1120,94,0.491886,48,0.491566,0.51797,0.542231,0.497472
1121,34,0.699662,49,0.699662,0.700622,0.762702,0.699662
1122,39,0.730552,51,0.733552,0.763224,0.782939,0.730552
1123,50,0.5435,47,0.5505,0.572167,0.666833,0.557
1124,11,0.629333,50,0.629333,0.629333,0.629333,0.629333
1125,57,0.544,43,0.546667,0.570933,0.602933,0.547733
1126,78,0.358,46,0.359333,0.373333,0.506,0.359333
1127,46,0.590133,45,0.590133,0.590133,0.6864,0.590133
1128,101,0.450267,51,0.4584,0.458533,0.567067,0.449733
1129,22,0.485333,45,0.485333,0.485333,0.496,0.485333
1130,33,0.493887,43,0.493887,0.530566,0.575849,0.493887
1131,75,0.476996,50,0.477396,0.476996,0.500863,0.476996
1132,78,0.357333,48,0.361333,0.381333,0.510667,0.36
1133,82,0.424267,44,0.424533,0.425867,0.462133,0.424533
1134,93,0.436267,42,0.4384,0.438933,0.5928,0.4408
1135,74,0.659083,49,0.665833,0.66175,0.708917,0.661417
1136,10,0.6372,47,0.682075,0.642075,0.696575,0.6372
1137,79,0.665064,51,0.671933,0.667856,0.701518,0.665713
1138,100,0.461333,46,0.464533,0.460533,0.565867,0.462933
1139,74,0.6655,47,0.667917,0.673417,0.707583,0.659083
1140,10,0.6372,49,0.682075,0.642075,0.717,0.6372
1141,100,0.4544,48,0.465067,0.460267,0.565867,0.463733
1142,83,0.681867,46,0.6904,0.693067,0.786933,0.6864
1143,6,0.673333,43,0.673333,0.673333,0.673333,0.673333
1144,47,0.63313,49,0.636039,0.635892,0.662863,0.63313
1145,23,0.640936,47,0.643612,0.63909,0.64186,0.63909
1146,83,0.680533,48,0.692533,0.6896,0.785333,0.684
1147,68,0.742689,42,0.743569,0.749702,0.767984,0.742689
1148,47,0.642151,47,0.635857,0.636619,0.662035,0.642151
1149,79,0.664893,44,0.668333,0.666096,0.704026,0.665873
1150,23,0.63909,49,0.643612,0.640936,0.64186,0.63909
1151,82,0.424,51,0.429067,0.429333,0.462133,0.424267
1152,64,0.574508,43,0.578977,0.577674,0.654417,0.575008
1153,22,0.485333,50,0.485333,0.485333,0.496,0.485333
1154,75,0.476996,45,0.477396,0.476996,0.500863,0.476996
1155,110,0.653806,42,0.660351,0.653547,0.688461,0.655682
1156,101,0.446933,44,0.462533,0.458267,0.567067,0.446133
1157,11,0.629333,45,0.629333,0.629333,0.629333,0.629333
1158,46,0.590133,50,0.590133,0.602133,0.6864,0.590133
1159,120,0.503381,51,0.503749,0.501594,0.573529,0.508736
1160,90,0.567772,51,0.573002,0.571171,0.612889,0.564114
1161,67,0.458,45,0.460667,0.467333,0.536,0.456
1162,59,0.569333,46,0.576667,0.584667,0.6265,0.571333
1163,76,0.666667,43,0.666667,0.669333,0.723333,0.666667
1164,30,0.607939,50,0.609859,0.607939,0.665403,0.607939
1165,113,0.494933,44,0.495867,0.494933,0.6204,0.493867
1166,102,0.473884,42,0.478195,0.47415,0.515606,0.477767
1167,59,0.572,48,0.5775,0.579,0.64,0.579667
1168,9,0.828085,44,0.828085,0.828085,0.828085,0.828085
1169,54,0.466667,50,0.466667,0.466667,0.532,0.466667
1170,12,0.576,43,0.576,0.576,0.576,0.576
1171,91,0.5024,46,0.504,0.502133,0.545867,0.5024
1172,58,0.670749,51,0.673149,0.678502,0.676567,0.668727
1173,31,0.518933,47,0.518933,0.546667,0.518933,0.518933
1174,5,0.397471,45,0.397471,0.397471,0.397471,0.397471
1175,55,0.766694,49,0.766694,0.766694,0.819677,0.763102
1176,91,0.503733,48,0.503733,0.503467,0.545867,0.5032
1177,31,0.518933,49,0.518933,0.546667,0.518933,0.518933
1178,55,0.766694,47,0.766694,0.766694,0.819677,0.766694
1179,66,0.800667,49,0.800667,0.802667,0.807333,0.800667
1180,8,0.869492,46,0.869492,0.869492,0.869492,0.869492
1181,112,0.324933,46,0.331333,0.343867,0.429333,0.329733
1182,5,0.397471,50,0.397471,0.397471,0.397471,0.397471
1183,58,0.670749,44,0.682327,0.678502,0.681847,0.670749
1184,8,0.869492,48,0.869492,0.869492,0.869492,0.869492
1185,66,0.800667,47,0.800667,0.800667,0.824,0.800667
1186,49,0.62496,42,0.62608,0.62672,0.65408,0.62384
1187,112,0.322133,48,0.328133,0.349867,0.429333,0.3276
1188,4,0.393333,49,0.393333,0.393333,0.453333,0.393333
1189,54,0.466667,45,0.466667,0.466667,0.532,0.466667
1190,45,0.701233,43,0.700089,0.706906,0.735997,0.706179
1191,9,0.828085,51,0.828085,0.828085,0.828085,0.828085
1192,113,0.4956,51,0.4964,0.494533,0.6204,0.496533
1193,4,0.393333,47,0.393333,0.393333,0.453333,0.393333
1194,21,0.491429,43,0.491429,0.491429,0.541333,0.491429
1195,67,0.456,50,0.460667,0.473333,0.536,0.456
1196,30,0.607939,45,0.609859,0.607939,0.664763,0.607939
1197,81,0.3848,42,0.389067,0.3984,0.493867,0.391733
1198,90,0.571322,44,0.576277,0.564863,0.612413,0.570635
1199,120,0.502436,44,0.502651,0.50385,0.574114,0.505535
